Date,Exercise,Category,Type,Set,Weight,WeightType,Reps,Duration,Note
__UNIT__,lbs,,,,,,,,
__BODYWEIGHT__,180,,,,,,,,
__SPLITS__,Rest,Push,Pull,Legs,Rest,Push,Pull,,
__DAYSPLIT__,2025-10-13,Push,,,,,,,
2025-10-13,Bench Press,push,reps,1,130,lbs,4,,Mood:2|General:First session in 2 years. Humbling.
2025-10-13,Bench Press,push,reps,2,130,lbs,5,,
2025-10-13,Bench Press,push,reps,3,130,lbs,5,,
2025-10-13,Lateral Raises,push,reps,1,20,lbs,12,,
2025-10-13,Lateral Raises,push,reps,2,20,lbs,11,,
2025-10-13,Lateral Raises,push,reps,3,20,lbs,10,,
2025-10-13,Overhead Press,push,reps,1,90,lbs,5,,General:Shoulder clicking during these
2025-10-13,Overhead Press,push,reps,2,90,lbs,5,,
2025-10-13,Overhead Press,push,reps,3,90,lbs,5,,
__DAYSPLIT__,2025-10-19,Legs,,,,,,,
2025-10-19,Romanian Deadlift,legs,reps,1,155,lbs,5,,Mood:3|General:DOMS from last session still
2025-10-19,Romanian Deadlift,legs,reps,2,155,lbs,5,,
2025-10-19,Romanian Deadlift,legs,reps,3,155,lbs,5,,
2025-10-19,Squat,legs,reps,1,155,lbs,5,,Mood:3|Form:Knees tracking toes
2025-10-19,Squat,legs,reps,2,155,lbs,5,,
2025-10-19,Squat,legs,reps,3,155,lbs,5,,
__DAYSPLIT__,2025-10-21,Push,,,,,,,
2025-10-21,Bench Press,push,reps,1,130,lbs,5,,Mood:3|Form:Squeeze at top
2025-10-21,Bench Press,push,reps,2,130,lbs,4,,
2025-10-21,Bench Press,push,reps,3,130,lbs,5,,
2025-10-21,Lateral Raises,push,reps,1,20,lbs,11,,Mood:3
2025-10-21,Lateral Raises,push,reps,2,20,lbs,10,,
2025-10-21,Lateral Raises,push,reps,3,20,lbs,10,,
2025-10-21,Overhead Press,push,reps,1,90,lbs,5,,
2025-10-21,Overhead Press,push,reps,2,90,lbs,5,,
2025-10-21,Overhead Press,push,reps,3,90,lbs,5,,
__DAYSPLIT__,2025-10-25,Pull,,,,,,,
2025-10-25,Barbell Rows,pull,reps,1,140,lbs,5,,
2025-10-25,Barbell Rows,pull,reps,2,140,lbs,5,,
2025-10-25,Barbell Rows,pull,reps,3,140,lbs,4,,
2025-10-25,Dumbbell Curls,pull,reps,1,25,lbs,10,,
2025-10-25,Dumbbell Curls,pull,reps,2,25,lbs,9,,
2025-10-25,Dumbbell Curls,pull,reps,3,25,lbs,7,,
2025-10-25,Lat Pulldowns,pull,reps,1,110,lbs,9,,Mood:2
2025-10-25,Lat Pulldowns,pull,reps,2,110,lbs,9,,
2025-10-25,Lat Pulldowns,pull,reps,3,110,lbs,8,,
__DAYSPLIT__,2025-10-28,Pull,,,,,,,
2025-10-28,Barbell Rows,pull,reps,1,140,lbs,5,,
2025-10-28,Barbell Rows,pull,reps,2,140,lbs,5,,
2025-10-28,Barbell Rows,pull,reps,3,140,lbs,5,,
2025-10-28,Dumbbell Curls,pull,reps,1,25,lbs,10,,
2025-10-28,Dumbbell Curls,pull,reps,2,25,lbs,9,,
2025-10-28,Dumbbell Curls,pull,reps,3,25,lbs,8,,
2025-10-28,Lat Pulldowns,pull,reps,1,115,lbs,10,,Mood:3
2025-10-28,Lat Pulldowns,pull,reps,2,115,lbs,9,,
2025-10-28,Lat Pulldowns,pull,reps,3,115,lbs,8,,
__DAYSPLIT__,2025-10-29,Push,,,,,,,
2025-10-29,Bench Press,push,reps,1,130,lbs,5,,Mood:2
2025-10-29,Bench Press,push,reps,2,130,lbs,5,,
2025-10-29,Bench Press,push,reps,3,130,lbs,5,,
2025-10-29,Dips,push,reps,1,,bodyweight,7,,
2025-10-29,Dips,push,reps,2,,bodyweight,6,,
2025-10-29,Dips,push,reps,3,,bodyweight,4,,
2025-10-29,Incline Dumbbell Press,push,reps,1,45,lbs,10,,
2025-10-29,Incline Dumbbell Press,push,reps,2,45,lbs,9,,
2025-10-29,Incline Dumbbell Press,push,reps,3,45,lbs,8,,
2025-10-29,Lateral Raises,push,reps,1,20,lbs,12,,
2025-10-29,Lateral Raises,push,reps,2,20,lbs,11,,
2025-10-29,Lateral Raises,push,reps,3,20,lbs,10,,
2025-10-29,Overhead Press,push,reps,1,90,lbs,5,,Mood:4|Form:Brace core
2025-10-29,Overhead Press,push,reps,2,90,lbs,5,,
2025-10-29,Overhead Press,push,reps,3,90,lbs,5,,
2025-10-29,Push Ups,push,reps,1,,bodyweight,16,,
2025-10-29,Push Ups,push,reps,2,,bodyweight,13,,
2025-10-29,Push Ups,push,reps,3,,bodyweight,11,,
2025-10-29,Tricep Pushdowns,push,reps,1,50,lbs,12,,
2025-10-29,Tricep Pushdowns,push,reps,2,50,lbs,11,,
2025-10-29,Tricep Pushdowns,push,reps,3,50,lbs,10,,
__DAYSPLIT__,2025-11-01,Push,,,,,,,
2025-11-01,Bench Press,push,reps,1,130,lbs,5,,General:Skipped legs this week. Again.
2025-11-01,Bench Press,push,reps,2,130,lbs,5,,
2025-11-01,Bench Press,push,reps,3,130,lbs,5,,
2025-11-01,Dips,push,reps,1,,bodyweight,7,,Mood:3
2025-11-01,Dips,push,reps,2,,bodyweight,6,,
2025-11-01,Dips,push,reps,3,,bodyweight,4,,
2025-11-01,Incline Dumbbell Press,push,reps,1,45,lbs,10,,Mood:3|Form:Slow negative
2025-11-01,Incline Dumbbell Press,push,reps,2,45,lbs,9,,
2025-11-01,Incline Dumbbell Press,push,reps,3,45,lbs,7,,
2025-11-01,Lateral Raises,push,reps,1,20,lbs,12,,
2025-11-01,Lateral Raises,push,reps,2,20,lbs,10,,
2025-11-01,Lateral Raises,push,reps,3,20,lbs,10,,
2025-11-01,Overhead Press,push,reps,1,90,lbs,5,,General:Shoulder felt great today
2025-11-01,Overhead Press,push,reps,2,90,lbs,5,,
2025-11-01,Overhead Press,push,reps,3,90,lbs,5,,
2025-11-01,Plank,core,timed,1,,bodyweight,,28,
2025-11-01,Plank,core,timed,2,,bodyweight,,28,
2025-11-01,Plank,core,timed,3,,bodyweight,,23,
2025-11-01,Push Ups,push,reps,1,,bodyweight,16,,
2025-11-01,Push Ups,push,reps,2,,bodyweight,13,,
2025-11-01,Push Ups,push,reps,3,,bodyweight,11,,
2025-11-01,Tricep Pushdowns,push,reps,1,50,lbs,12,,
2025-11-01,Tricep Pushdowns,push,reps,2,50,lbs,11,,
2025-11-01,Tricep Pushdowns,push,reps,3,50,lbs,9,,
__DAYSPLIT__,2025-11-02,Mobility,,,,,,,
2025-11-02,Hip Flexor Stretches,mobility,timed,1,,bodyweight,,38,Mood:3
2025-11-02,Pigeon Stretch,mobility,timed,1,,bodyweight,,49,Mood:3
2025-11-02,Thoracic Spine Rotation,mobility,timed,1,,bodyweight,,53,
__DAYSPLIT__,2025-11-03,Pull,,,,,,,
2025-11-03,Barbell Rows,pull,reps,1,145,lbs,5,,Mood:3
2025-11-03,Barbell Rows,pull,reps,2,145,lbs,5,,
2025-11-03,Barbell Rows,pull,reps,3,145,lbs,5,,
2025-11-03,Dumbbell Curls,pull,reps,1,25,lbs,10,,Mood:3
2025-11-03,Dumbbell Curls,pull,reps,2,25,lbs,8,,
2025-11-03,Dumbbell Curls,pull,reps,3,25,lbs,8,,
2025-11-03,Lat Pulldowns,pull,reps,1,120,lbs,10,,Mood:3
2025-11-03,Lat Pulldowns,pull,reps,2,120,lbs,9,,
2025-11-03,Lat Pulldowns,pull,reps,3,120,lbs,8,,
__DAYSPLIT__,2025-11-04,Legs,,,,,,,
2025-11-04,Calf Raises,legs,reps,1,185,lbs,15,,
2025-11-04,Calf Raises,legs,reps,2,185,lbs,12,,
2025-11-04,Calf Raises,legs,reps,3,185,lbs,10,,
2025-11-04,Leg Press,legs,reps,1,305,lbs,10,,
2025-11-04,Leg Press,legs,reps,2,305,lbs,9,,
2025-11-04,Leg Press,legs,reps,3,305,lbs,8,,
2025-11-04,Romanian Deadlift,legs,reps,1,160,lbs,5,,Mood:2|Form:Slow on the way down|General:DOMS from last session still
2025-11-04,Romanian Deadlift,legs,reps,2,160,lbs,5,,
2025-11-04,Romanian Deadlift,legs,reps,3,160,lbs,5,,
2025-11-04,Squat,legs,reps,1,160,lbs,5,,Mood:2|Form:Keep chest up
2025-11-04,Squat,legs,reps,2,160,lbs,5,,
2025-11-04,Squat,legs,reps,3,160,lbs,5,,
2025-11-04,Walking Lunges,legs,reps,1,20,lbs,10,,
2025-11-04,Walking Lunges,legs,reps,2,20,lbs,10,,
2025-11-04,Walking Lunges,legs,reps,3,20,lbs,10,,
__DAYSPLIT__,2025-11-05,Push,,,,,,,
2025-11-05,Bench Press,push,reps,1,130,lbs,5,,
2025-11-05,Bench Press,push,reps,2,130,lbs,4,,
2025-11-05,Bench Press,push,reps,3,130,lbs,5,,
2025-11-05,Dips,push,reps,1,,bodyweight,7,,
2025-11-05,Dips,push,reps,2,,bodyweight,6,,
2025-11-05,Dips,push,reps,3,,bodyweight,5,,
2025-11-05,Incline Dumbbell Press,push,reps,1,45,lbs,10,,
2025-11-05,Incline Dumbbell Press,push,reps,2,45,lbs,9,,
2025-11-05,Incline Dumbbell Press,push,reps,3,45,lbs,8,,
2025-11-05,Lateral Raises,push,reps,1,20,lbs,12,,Mood:2|General:Baby steps
2025-11-05,Lateral Raises,push,reps,2,20,lbs,11,,
2025-11-05,Lateral Raises,push,reps,3,20,lbs,10,,
2025-11-05,Overhead Press,push,reps,1,90,lbs,5,,Mood:2|Form:No lean back
2025-11-05,Overhead Press,push,reps,2,90,lbs,5,,
2025-11-05,Overhead Press,push,reps,3,90,lbs,5,,
2025-11-05,Push Ups,push,reps,1,,bodyweight,16,,Mood:2
2025-11-05,Push Ups,push,reps,2,,bodyweight,12,,
2025-11-05,Push Ups,push,reps,3,,bodyweight,12,,
2025-11-05,Tricep Pushdowns,push,reps,1,55,lbs,12,,
2025-11-05,Tricep Pushdowns,push,reps,2,55,lbs,11,,
2025-11-05,Tricep Pushdowns,push,reps,3,55,lbs,10,,
__DAYSPLIT__,2025-11-07,Push,,,,,,,
2025-11-07,Bench Press,push,reps,1,130,lbs,5,,Mood:3|General:Everything hurts
2025-11-07,Bench Press,push,reps,2,130,lbs,5,,
2025-11-07,Bench Press,push,reps,3,130,lbs,5,,
2025-11-07,Dips,push,reps,1,,bodyweight,7,,
2025-11-07,Dips,push,reps,2,,bodyweight,6,,
2025-11-07,Dips,push,reps,3,,bodyweight,5,,
2025-11-07,Incline Dumbbell Press,push,reps,1,45,lbs,10,,
2025-11-07,Incline Dumbbell Press,push,reps,2,45,lbs,9,,
2025-11-07,Incline Dumbbell Press,push,reps,3,45,lbs,7,,
2025-11-07,Lateral Raises,push,reps,1,20,lbs,12,,
2025-11-07,Lateral Raises,push,reps,2,20,lbs,11,,
2025-11-07,Lateral Raises,push,reps,3,20,lbs,9,,
2025-11-07,Overhead Press,push,reps,1,90,lbs,5,,Mood:3
2025-11-07,Overhead Press,push,reps,2,90,lbs,5,,
2025-11-07,Overhead Press,push,reps,3,90,lbs,5,,
2025-11-07,Push Ups,push,reps,1,,bodyweight,16,,Mood:3
2025-11-07,Push Ups,push,reps,2,,bodyweight,14,,
2025-11-07,Push Ups,push,reps,3,,bodyweight,12,,
2025-11-07,Tricep Pushdowns,push,reps,1,55,lbs,11,,Mood:3
2025-11-07,Tricep Pushdowns,push,reps,2,55,lbs,11,,
2025-11-07,Tricep Pushdowns,push,reps,3,55,lbs,10,,
__DAYSPLIT__,2025-11-10,Push,,,,,,,
2025-11-10,Bench Press,push,reps,1,140,lbs,5,,Mood:4
2025-11-10,Bench Press,push,reps,2,140,lbs,5,,
2025-11-10,Bench Press,push,reps,3,140,lbs,5,,
2025-11-10,Dips,push,reps,1,,bodyweight,7,,Mood:4
2025-11-10,Dips,push,reps,2,,bodyweight,6,,
2025-11-10,Dips,push,reps,3,,bodyweight,5,,
2025-11-10,Incline Dumbbell Press,push,reps,1,50,lbs,10,,
2025-11-10,Incline Dumbbell Press,push,reps,2,50,lbs,9,,
2025-11-10,Incline Dumbbell Press,push,reps,3,50,lbs,8,,
2025-11-10,Lateral Raises,push,reps,1,20,lbs,13,,Mood:4
2025-11-10,Lateral Raises,push,reps,2,20,lbs,11,,
2025-11-10,Lateral Raises,push,reps,3,20,lbs,11,,
2025-11-10,Overhead Press,push,reps,1,95,lbs,5,,Mood:4|Form:Wrist position better
2025-11-10,Overhead Press,push,reps,2,95,lbs,5,,
2025-11-10,Overhead Press,push,reps,3,95,lbs,5,,
2025-11-10,Push Ups,push,reps,1,,bodyweight,17,,Mood:4
2025-11-10,Push Ups,push,reps,2,,bodyweight,14,,
2025-11-10,Push Ups,push,reps,3,,bodyweight,12,,
2025-11-10,Tricep Pushdowns,push,reps,1,55,lbs,12,,Mood:4
2025-11-10,Tricep Pushdowns,push,reps,2,55,lbs,11,,
2025-11-10,Tricep Pushdowns,push,reps,3,55,lbs,10,,
__DAYSPLIT__,2025-11-12,Legs,,,,,,,
2025-11-12,Calf Raises,legs,reps,1,190,lbs,15,,
2025-11-12,Calf Raises,legs,reps,2,190,lbs,12,,
2025-11-12,Calf Raises,legs,reps,3,190,lbs,10,,
2025-11-12,Leg Curls,legs,reps,1,80,lbs,10,,Mood:3|General:Quick session before work
2025-11-12,Leg Curls,legs,reps,2,80,lbs,9,,
2025-11-12,Leg Curls,legs,reps,3,80,lbs,8,,
2025-11-12,Leg Press,legs,reps,1,315,lbs,9,,Mood:3
2025-11-12,Leg Press,legs,reps,2,315,lbs,8,,
2025-11-12,Leg Press,legs,reps,3,315,lbs,8,,
2025-11-12,Romanian Deadlift,legs,reps,1,165,lbs,5,,Mood:3|Form:Slow on the way down
2025-11-12,Romanian Deadlift,legs,reps,2,165,lbs,5,,
2025-11-12,Romanian Deadlift,legs,reps,3,165,lbs,5,,
2025-11-12,Squat,legs,reps,1,165,lbs,5,,Mood:3|Form:Depth looking good
2025-11-12,Squat,legs,reps,2,165,lbs,5,,
2025-11-12,Squat,legs,reps,3,165,lbs,5,,
2025-11-12,Walking Lunges,legs,reps,1,20,lbs,9,,Mood:3
2025-11-12,Walking Lunges,legs,reps,2,20,lbs,10,,
2025-11-12,Walking Lunges,legs,reps,3,20,lbs,10,,
__DAYSPLIT__,2025-11-15,Push,,,,,,,
2025-11-15,Bench Press,push,reps,1,140,lbs,5,,Mood:2|Form:Keep shoulder blades pinched
2025-11-15,Bench Press,push,reps,2,140,lbs,5,,
2025-11-15,Bench Press,push,reps,3,140,lbs,5,,
2025-11-15,Dips,push,reps,1,,bodyweight,7,,
2025-11-15,Dips,push,reps,2,,bodyweight,6,,
2025-11-15,Dips,push,reps,3,,bodyweight,5,,
2025-11-15,Incline Dumbbell Press,push,reps,1,50,lbs,9,,
2025-11-15,Incline Dumbbell Press,push,reps,2,50,lbs,9,,
2025-11-15,Incline Dumbbell Press,push,reps,3,50,lbs,8,,
2025-11-15,Lateral Raises,push,reps,1,20,lbs,13,,Mood:2
2025-11-15,Lateral Raises,push,reps,2,20,lbs,12,,
2025-11-15,Lateral Raises,push,reps,3,20,lbs,11,,
2025-11-15,Overhead Press,push,reps,1,95,lbs,5,,Mood:2|Form:Shoulders felt stable
2025-11-15,Overhead Press,push,reps,2,95,lbs,4,,
2025-11-15,Overhead Press,push,reps,3,95,lbs,5,,
2025-11-15,Push Ups,push,reps,1,,bodyweight,17,,
2025-11-15,Push Ups,push,reps,2,,bodyweight,14,,
2025-11-15,Push Ups,push,reps,3,,bodyweight,12,,
2025-11-15,Tricep Pushdowns,push,reps,1,55,lbs,12,,Mood:2
2025-11-15,Tricep Pushdowns,push,reps,2,55,lbs,11,,
2025-11-15,Tricep Pushdowns,push,reps,3,55,lbs,10,,
__DAYSPLIT__,2025-11-16,Pull,,,,,,,
2025-11-16,Barbell Rows,pull,reps,1,150,lbs,5,,Mood:4
2025-11-16,Barbell Rows,pull,reps,2,150,lbs,4,,
2025-11-16,Barbell Rows,pull,reps,3,150,lbs,5,,
2025-11-16,Dumbbell Curls,pull,reps,1,25,lbs,10,,Mood:4
2025-11-16,Dumbbell Curls,pull,reps,2,25,lbs,9,,
2025-11-16,Dumbbell Curls,pull,reps,3,25,lbs,8,,
2025-11-16,Lat Pulldowns,pull,reps,1,120,lbs,10,,Mood:4
2025-11-16,Lat Pulldowns,pull,reps,2,120,lbs,9,,
2025-11-16,Lat Pulldowns,pull,reps,3,120,lbs,8,,
__DAYSPLIT__,2025-11-17,Legs,,,,,,,
2025-11-17,Calf Raises,legs,reps,1,195,lbs,14,,Mood:3
2025-11-17,Calf Raises,legs,reps,2,195,lbs,12,,
2025-11-17,Calf Raises,legs,reps,3,195,lbs,11,,
2025-11-17,Leg Curls,legs,reps,1,85,lbs,10,,Mood:3
2025-11-17,Leg Curls,legs,reps,2,85,lbs,9,,
2025-11-17,Leg Curls,legs,reps,3,85,lbs,8,,
2025-11-17,Leg Press,legs,reps,1,320,lbs,10,,
2025-11-17,Leg Press,legs,reps,2,320,lbs,9,,
2025-11-17,Leg Press,legs,reps,3,320,lbs,8,,
2025-11-17,Romanian Deadlift,legs,reps,1,165,lbs,5,,Mood:3|Form:Keep bar close
2025-11-17,Romanian Deadlift,legs,reps,2,165,lbs,5,,
2025-11-17,Romanian Deadlift,legs,reps,3,165,lbs,5,,
2025-11-17,Squat,legs,reps,1,165,lbs,6,,Mood:2
2025-11-17,Squat,legs,reps,2,165,lbs,6,,
2025-11-17,Squat,legs,reps,3,165,lbs,5,,
2025-11-17,Walking Lunges,legs,reps,1,25,lbs,10,,
2025-11-17,Walking Lunges,legs,reps,2,25,lbs,10,,
2025-11-17,Walking Lunges,legs,reps,3,25,lbs,10,,
__DAYSPLIT__,2025-11-20,Pull,,,,,,,
2025-11-20,Barbell Rows,pull,reps,1,150,lbs,5,,Mood:4|General:Late session. Gym was dead. Perfect.
2025-11-20,Barbell Rows,pull,reps,2,150,lbs,4,,
2025-11-20,Barbell Rows,pull,reps,3,150,lbs,5,,
2025-11-20,Dumbbell Curls,pull,reps,1,30,lbs,10,,
2025-11-20,Dumbbell Curls,pull,reps,2,30,lbs,10,,
2025-11-20,Dumbbell Curls,pull,reps,3,30,lbs,8,,
2025-11-20,Lat Pulldowns,pull,reps,1,120,lbs,10,,
2025-11-20,Lat Pulldowns,pull,reps,2,120,lbs,10,,
2025-11-20,Lat Pulldowns,pull,reps,3,120,lbs,8,,
__DAYSPLIT__,2025-11-21,Legs,,,,,,,
2025-11-21,Calf Raises,legs,reps,1,195,lbs,15,,
2025-11-21,Calf Raises,legs,reps,2,195,lbs,12,,
2025-11-21,Calf Raises,legs,reps,3,195,lbs,11,,
2025-11-21,Leg Curls,legs,reps,1,85,lbs,10,,Mood:4
2025-11-21,Leg Curls,legs,reps,2,85,lbs,9,,
2025-11-21,Leg Curls,legs,reps,3,85,lbs,8,,
2025-11-21,Leg Press,legs,reps,1,320,lbs,9,,
2025-11-21,Leg Press,legs,reps,2,320,lbs,9,,
2025-11-21,Leg Press,legs,reps,3,320,lbs,8,,
2025-11-21,Romanian Deadlift,legs,reps,1,165,lbs,5,,
2025-11-21,Romanian Deadlift,legs,reps,2,165,lbs,5,,
2025-11-21,Romanian Deadlift,legs,reps,3,165,lbs,4,,
2025-11-21,Squat,legs,reps,1,165,lbs,6,,Mood:2
2025-11-21,Squat,legs,reps,2,165,lbs,6,,
2025-11-21,Squat,legs,reps,3,165,lbs,5,,
2025-11-21,Walking Lunges,legs,reps,1,25,lbs,10,,Mood:4
2025-11-21,Walking Lunges,legs,reps,2,25,lbs,9,,
2025-11-21,Walking Lunges,legs,reps,3,25,lbs,10,,
__DAYSPLIT__,2025-11-23,Pull,,,,,,,
2025-11-23,Barbell Rows,pull,reps,1,150,lbs,5,,
2025-11-23,Barbell Rows,pull,reps,2,150,lbs,5,,
2025-11-23,Barbell Rows,pull,reps,3,150,lbs,4,,
2025-11-23,Dumbbell Curls,pull,reps,1,30,lbs,10,,
2025-11-23,Dumbbell Curls,pull,reps,2,30,lbs,10,,
2025-11-23,Dumbbell Curls,pull,reps,3,30,lbs,8,,
2025-11-23,Lat Pulldowns,pull,reps,1,120,lbs,10,,Mood:3|General:Recovery drink after. Getting serious
2025-11-23,Lat Pulldowns,pull,reps,2,120,lbs,10,,
2025-11-23,Lat Pulldowns,pull,reps,3,120,lbs,8,,
__DAYSPLIT__,2025-11-24,Pull,,,,,,,
2025-11-24,Barbell Rows,pull,reps,1,155,lbs,5,,Mood:4|General:Shoulder feels so much better
2025-11-24,Barbell Rows,pull,reps,2,155,lbs,5,,
2025-11-24,Barbell Rows,pull,reps,3,155,lbs,5,,
2025-11-24,Dumbbell Curls,pull,reps,1,30,lbs,11,,
2025-11-24,Dumbbell Curls,pull,reps,2,30,lbs,10,,
2025-11-24,Dumbbell Curls,pull,reps,3,30,lbs,9,,
2025-11-24,Lat Pulldowns,pull,reps,1,125,lbs,11,,Mood:4
2025-11-24,Lat Pulldowns,pull,reps,2,125,lbs,10,,
2025-11-24,Lat Pulldowns,pull,reps,3,125,lbs,9,,
__DAYSPLIT__,2025-11-25,Legs,,,,,,,
2025-11-25,Calf Raises,legs,reps,1,200,lbs,14,,
2025-11-25,Calf Raises,legs,reps,2,200,lbs,13,,
2025-11-25,Calf Raises,legs,reps,3,200,lbs,11,,
2025-11-25,Leg Curls,legs,reps,1,85,lbs,9,,Mood:4
2025-11-25,Leg Curls,legs,reps,2,85,lbs,9,,
2025-11-25,Leg Curls,legs,reps,3,85,lbs,8,,
2025-11-25,Leg Press,legs,reps,1,325,lbs,10,,Mood:4|Form:Dont lock knees
2025-11-25,Leg Press,legs,reps,2,325,lbs,9,,
2025-11-25,Leg Press,legs,reps,3,325,lbs,8,,
2025-11-25,Romanian Deadlift,legs,reps,1,165,lbs,5,,Mood:4|Form:Slow on the way down
2025-11-25,Romanian Deadlift,legs,reps,2,165,lbs,5,,
2025-11-25,Romanian Deadlift,legs,reps,3,165,lbs,5,,
2025-11-25,Squat,legs,reps,1,170,lbs,6,,Mood:4|Form:Work on depth
2025-11-25,Squat,legs,reps,2,170,lbs,6,,
2025-11-25,Squat,legs,reps,3,170,lbs,5,,
2025-11-25,Walking Lunges,legs,reps,1,25,lbs,10,,
2025-11-25,Walking Lunges,legs,reps,2,25,lbs,10,,
2025-11-25,Walking Lunges,legs,reps,3,25,lbs,9,,
__DAYSPLIT__,2025-11-27,Pull,,,,,,,
2025-11-27,Barbell Rows,pull,reps,1,155,lbs,5,,Mood:3|Form:No momentum|General:Recovery drink after. Getting serious
2025-11-27,Barbell Rows,pull,reps,2,155,lbs,5,,
2025-11-27,Barbell Rows,pull,reps,3,155,lbs,5,,
2025-11-27,Dumbbell Curls,pull,reps,1,30,lbs,11,,
2025-11-27,Dumbbell Curls,pull,reps,2,30,lbs,10,,
2025-11-27,Dumbbell Curls,pull,reps,3,30,lbs,9,,
2025-11-27,Lat Pulldowns,pull,reps,1,125,lbs,11,,
2025-11-27,Lat Pulldowns,pull,reps,2,125,lbs,9,,
2025-11-27,Lat Pulldowns,pull,reps,3,125,lbs,9,,
__DAYSPLIT__,2025-11-29,Legs,,,,,,,
2025-11-29,Calf Raises,legs,reps,1,200,lbs,15,,Mood:2
2025-11-29,Calf Raises,legs,reps,2,200,lbs,13,,
2025-11-29,Calf Raises,legs,reps,3,200,lbs,11,,
2025-11-29,Leg Curls,legs,reps,1,85,lbs,10,,Mood:2|General:Good mind-muscle connection today
2025-11-29,Leg Curls,legs,reps,2,85,lbs,9,,
2025-11-29,Leg Curls,legs,reps,3,85,lbs,8,,
2025-11-29,Leg Press,legs,reps,1,325,lbs,10,,Mood:2
2025-11-29,Leg Press,legs,reps,2,325,lbs,9,,
2025-11-29,Leg Press,legs,reps,3,325,lbs,7,,
2025-11-29,Romanian Deadlift,legs,reps,1,165,lbs,5,,Mood:2
2025-11-29,Romanian Deadlift,legs,reps,2,165,lbs,5,,
2025-11-29,Romanian Deadlift,legs,reps,3,165,lbs,5,,
2025-11-29,Squat,legs,reps,1,170,lbs,6,,Mood:2
2025-11-29,Squat,legs,reps,2,170,lbs,6,,
2025-11-29,Squat,legs,reps,3,170,lbs,5,,
2025-11-29,Walking Lunges,legs,reps,1,25,lbs,10,,
2025-11-29,Walking Lunges,legs,reps,2,25,lbs,10,,
2025-11-29,Walking Lunges,legs,reps,3,25,lbs,10,,
__DAYSPLIT__,2025-12-02,Push,,,,,,,
2025-12-02,Bench Press,push,reps,1,140,lbs,5,,Mood:3|Form:Full range of motion
2025-12-02,Bench Press,push,reps,2,140,lbs,5,,
2025-12-02,Bench Press,push,reps,3,140,lbs,5,,
2025-12-02,Dips,push,reps,1,,bodyweight,8,,Mood:3
2025-12-02,Dips,push,reps,2,,bodyweight,7,,
2025-12-02,Dips,push,reps,3,,bodyweight,5,,
2025-12-02,Incline Dumbbell Press,push,reps,1,50,lbs,11,,Mood:3
2025-12-02,Incline Dumbbell Press,push,reps,2,50,lbs,10,,
2025-12-02,Incline Dumbbell Press,push,reps,3,50,lbs,9,,
2025-12-02,Lateral Raises,push,reps,1,25,lbs,13,,Mood:3
2025-12-02,Lateral Raises,push,reps,2,25,lbs,12,,
2025-12-02,Lateral Raises,push,reps,3,25,lbs,11,,
2025-12-02,Overhead Press,push,reps,1,95,lbs,4,,
2025-12-02,Overhead Press,push,reps,2,95,lbs,5,,
2025-12-02,Overhead Press,push,reps,3,95,lbs,5,,
2025-12-02,Push Ups,push,reps,1,,bodyweight,18,,Mood:3
2025-12-02,Push Ups,push,reps,2,,bodyweight,16,,
2025-12-02,Push Ups,push,reps,3,,bodyweight,14,,
2025-12-02,Tricep Pushdowns,push,reps,1,55,lbs,13,,
2025-12-02,Tricep Pushdowns,push,reps,2,55,lbs,11,,
2025-12-02,Tricep Pushdowns,push,reps,3,55,lbs,11,,
__DAYSPLIT__,2025-12-03,Pull,,,,,,,
2025-12-03,Barbell Rows,pull,reps,1,160,lbs,5,,Mood:3|Form:Keep back flat
2025-12-03,Barbell Rows,pull,reps,2,160,lbs,5,,
2025-12-03,Barbell Rows,pull,reps,3,160,lbs,5,,
2025-12-03,Dumbbell Curls,pull,reps,1,30,lbs,11,,Mood:3
2025-12-03,Dumbbell Curls,pull,reps,2,30,lbs,10,,
2025-12-03,Dumbbell Curls,pull,reps,3,30,lbs,9,,
2025-12-03,Lat Pulldowns,pull,reps,1,130,lbs,10,,
2025-12-03,Lat Pulldowns,pull,reps,2,130,lbs,10,,
2025-12-03,Lat Pulldowns,pull,reps,3,130,lbs,9,,
__DAYSPLIT__,2025-12-05,Push,,,,,,,
2025-12-05,Bench Press,push,reps,1,140,lbs,5,,Mood:4|Form:Keep elbows tucked
2025-12-05,Bench Press,push,reps,2,140,lbs,5,,
2025-12-05,Bench Press,push,reps,3,140,lbs,5,,
2025-12-05,Dips,push,reps,1,,bodyweight,8,,
2025-12-05,Dips,push,reps,2,,bodyweight,7,,
2025-12-05,Dips,push,reps,3,,bodyweight,6,,
2025-12-05,Incline Dumbbell Press,push,reps,1,50,lbs,11,,Mood:3
2025-12-05,Incline Dumbbell Press,push,reps,2,50,lbs,10,,
2025-12-05,Incline Dumbbell Press,push,reps,3,50,lbs,9,,
2025-12-05,Lateral Raises,push,reps,1,25,lbs,13,,Mood:3
2025-12-05,Lateral Raises,push,reps,2,25,lbs,12,,
2025-12-05,Lateral Raises,push,reps,3,25,lbs,11,,
2025-12-05,Overhead Press,push,reps,1,95,lbs,5,,Mood:3
2025-12-05,Overhead Press,push,reps,2,95,lbs,5,,
2025-12-05,Overhead Press,push,reps,3,95,lbs,5,,
2025-12-05,Push Ups,push,reps,1,,bodyweight,18,,
2025-12-05,Push Ups,push,reps,2,,bodyweight,16,,
2025-12-05,Push Ups,push,reps,3,,bodyweight,12,,
2025-12-05,Treadmill Run,cardio,timed,1,,bodyweight,,480,General:First run in ages. Gassed after 8 minutes
2025-12-05,Tricep Pushdowns,push,reps,1,55,lbs,12,,Mood:3
2025-12-05,Tricep Pushdowns,push,reps,2,55,lbs,12,,
2025-12-05,Tricep Pushdowns,push,reps,3,55,lbs,11,,
__DAYSPLIT__,2025-12-07,Pull,,,,,,,
2025-12-07,Barbell Rows,pull,reps,1,160,lbs,5,,Mood:3
2025-12-07,Barbell Rows,pull,reps,2,160,lbs,4,,
2025-12-07,Barbell Rows,pull,reps,3,160,lbs,4,,
2025-12-07,Dumbbell Curls,pull,reps,1,30,lbs,11,,
2025-12-07,Dumbbell Curls,pull,reps,2,30,lbs,10,,
2025-12-07,Dumbbell Curls,pull,reps,3,30,lbs,9,,
2025-12-07,Lat Pulldowns,pull,reps,1,130,lbs,11,,Mood:3
2025-12-07,Lat Pulldowns,pull,reps,2,130,lbs,10,,
2025-12-07,Lat Pulldowns,pull,reps,3,130,lbs,9,,
__DAYSPLIT__,2025-12-12,Pull,,,,,,,
2025-12-12,Barbell Rows,pull,reps,1,165,lbs,5,,Mood:2|Form:Keep back flat|General:Shoulder feels so much better
2025-12-12,Barbell Rows,pull,reps,2,165,lbs,5,,
2025-12-12,Barbell Rows,pull,reps,3,165,lbs,5,,
2025-12-12,Dead Hangs,pull,timed,1,,bodyweight,,30,Mood:2
2025-12-12,Dumbbell Curls,pull,reps,1,30,lbs,11,,
2025-12-12,Dumbbell Curls,pull,reps,2,30,lbs,10,,
2025-12-12,Dumbbell Curls,pull,reps,3,30,lbs,9,,
2025-12-12,Lat Pulldowns,pull,reps,1,130,lbs,11,,Mood:2
2025-12-12,Lat Pulldowns,pull,reps,2,130,lbs,10,,
2025-12-12,Lat Pulldowns,pull,reps,3,130,lbs,9,,
__DAYSPLIT__,2025-12-13,Legs,,,,,,,
2025-12-13,Calf Raises,legs,reps,1,210,lbs,15,,Mood:3
2025-12-13,Calf Raises,legs,reps,2,210,lbs,13,,
2025-12-13,Calf Raises,legs,reps,3,210,lbs,10,,
2025-12-13,Leg Curls,legs,reps,1,90,lbs,10,,Mood:3
2025-12-13,Leg Curls,legs,reps,2,90,lbs,10,,
2025-12-13,Leg Curls,legs,reps,3,90,lbs,8,,
2025-12-13,Leg Press,legs,reps,1,340,lbs,11,,Mood:3|Form:Dont lock knees
2025-12-13,Leg Press,legs,reps,2,340,lbs,10,,
2025-12-13,Leg Press,legs,reps,3,340,lbs,9,,
2025-12-13,Romanian Deadlift,legs,reps,1,170,lbs,5,,Mood:3
2025-12-13,Romanian Deadlift,legs,reps,2,170,lbs,5,,
2025-12-13,Romanian Deadlift,legs,reps,3,170,lbs,5,,
2025-12-13,Squat,legs,reps,1,175,lbs,6,,Mood:3
2025-12-13,Squat,legs,reps,2,175,lbs,6,,
2025-12-13,Squat,legs,reps,3,175,lbs,5,,
2025-12-13,Walking Lunges,legs,reps,1,25,lbs,11,,
2025-12-13,Walking Lunges,legs,reps,2,25,lbs,10,,
2025-12-13,Walking Lunges,legs,reps,3,25,lbs,10,,
__DAYSPLIT__,2025-12-14,Pull,,,,,,,
2025-12-14,Barbell Rows,pull,reps,1,165,lbs,5,,Mood:4
2025-12-14,Barbell Rows,pull,reps,2,165,lbs,5,,
2025-12-14,Barbell Rows,pull,reps,3,165,lbs,5,,
2025-12-14,Dead Hangs,pull,timed,1,,bodyweight,,30,Mood:3
2025-12-14,Dumbbell Curls,pull,reps,1,30,lbs,11,,Mood:3
2025-12-14,Dumbbell Curls,pull,reps,2,30,lbs,10,,
2025-12-14,Dumbbell Curls,pull,reps,3,30,lbs,9,,
2025-12-14,Lat Pulldowns,pull,reps,1,130,lbs,11,,
2025-12-14,Lat Pulldowns,pull,reps,2,130,lbs,10,,
2025-12-14,Lat Pulldowns,pull,reps,3,130,lbs,9,,
2025-12-14,Plank,core,timed,1,,bodyweight,,45,Mood:3
2025-12-14,Plank,core,timed,2,,bodyweight,,45,
2025-12-14,Plank,core,timed,3,,bodyweight,,40,
__DAYSPLIT__,2025-12-15,Push,,,,,,,
2025-12-15,Bench Press,push,reps,1,140,lbs,5,,
2025-12-15,Bench Press,push,reps,2,140,lbs,5,,
2025-12-15,Bench Press,push,reps,3,140,lbs,5,,
2025-12-15,Dips,push,reps,1,,bodyweight,8,,Mood:2|Form:Full depth
2025-12-15,Dips,push,reps,2,,bodyweight,7,,
2025-12-15,Dips,push,reps,3,,bodyweight,6,,
2025-12-15,Incline Dumbbell Press,push,reps,1,50,lbs,11,,
2025-12-15,Incline Dumbbell Press,push,reps,2,50,lbs,10,,
2025-12-15,Incline Dumbbell Press,push,reps,3,50,lbs,9,,
2025-12-15,Lateral Raises,push,reps,1,25,lbs,13,,Mood:2
2025-12-15,Lateral Raises,push,reps,2,25,lbs,12,,
2025-12-15,Lateral Raises,push,reps,3,25,lbs,11,,
2025-12-15,Overhead Press,push,reps,1,95,lbs,5,,General:Shoulder clicking less since starting PT exercises
2025-12-15,Overhead Press,push,reps,2,95,lbs,4,,
2025-12-15,Overhead Press,push,reps,3,95,lbs,5,,
2025-12-15,Push Ups,push,reps,1,,bodyweight,20,,
2025-12-15,Push Ups,push,reps,2,,bodyweight,16,,
2025-12-15,Push Ups,push,reps,3,,bodyweight,14,,
2025-12-15,Tricep Pushdowns,push,reps,1,60,lbs,13,,Mood:2
2025-12-15,Tricep Pushdowns,push,reps,2,60,lbs,12,,
2025-12-15,Tricep Pushdowns,push,reps,3,60,lbs,11,,
__DAYSPLIT__,2025-12-16,Pull,,,,,,,
2025-12-16,Barbell Rows,pull,reps,1,165,lbs,5,,Mood:2|Form:Squeeze shoulder blades|General:Work deadline stress but training helped
2025-12-16,Barbell Rows,pull,reps,2,165,lbs,5,,
2025-12-16,Barbell Rows,pull,reps,3,165,lbs,5,,
2025-12-16,Dead Hangs,pull,timed,1,,bodyweight,,32,Mood:2|Form:Breathe through it
2025-12-16,Dumbbell Curls,pull,reps,1,30,lbs,11,,
2025-12-16,Dumbbell Curls,pull,reps,2,30,lbs,10,,
2025-12-16,Dumbbell Curls,pull,reps,3,30,lbs,9,,
2025-12-16,Lat Pulldowns,pull,reps,1,130,lbs,11,,Mood:2
2025-12-16,Lat Pulldowns,pull,reps,2,130,lbs,9,,
2025-12-16,Lat Pulldowns,pull,reps,3,130,lbs,9,,
2025-12-16,Plank,core,timed,1,,bodyweight,,48,Mood:2|Form:Squeeze glutes
2025-12-16,Plank,core,timed,2,,bodyweight,,48,
2025-12-16,Plank,core,timed,3,,bodyweight,,43,
__DAYSPLIT__,2025-12-20,Push,,,,,,,
2025-12-20,Bench Press,push,reps,1,140,lbs,5,,Mood:3
2025-12-20,Bench Press,push,reps,2,140,lbs,5,,
2025-12-20,Bench Press,push,reps,3,140,lbs,5,,
2025-12-20,Dips,push,reps,1,,bodyweight,9,,
2025-12-20,Dips,push,reps,2,,bodyweight,7,,
2025-12-20,Dips,push,reps,3,,bodyweight,6,,
2025-12-20,Incline Dumbbell Press,push,reps,1,50,lbs,11,,Mood:3
2025-12-20,Incline Dumbbell Press,push,reps,2,50,lbs,10,,
2025-12-20,Incline Dumbbell Press,push,reps,3,50,lbs,9,,
2025-12-20,Lateral Raises,push,reps,1,25,lbs,13,,Mood:3
2025-12-20,Lateral Raises,push,reps,2,25,lbs,12,,
2025-12-20,Lateral Raises,push,reps,3,25,lbs,10,,
2025-12-20,Overhead Press,push,reps,1,95,lbs,5,,Mood:3
2025-12-20,Overhead Press,push,reps,2,95,lbs,5,,
2025-12-20,Overhead Press,push,reps,3,95,lbs,5,,
2025-12-20,Push Ups,push,reps,1,,bodyweight,20,,
2025-12-20,Push Ups,push,reps,2,,bodyweight,16,,
2025-12-20,Push Ups,push,reps,3,,bodyweight,14,,
2025-12-20,Tricep Pushdowns,push,reps,1,60,lbs,13,,Mood:3
2025-12-20,Tricep Pushdowns,push,reps,2,60,lbs,12,,
2025-12-20,Tricep Pushdowns,push,reps,3,60,lbs,11,,
__DAYSPLIT__,2025-12-21,Pull,,,,,,,
2025-12-21,Barbell Rows,pull,reps,1,165,lbs,5,,Mood:3
2025-12-21,Barbell Rows,pull,reps,2,165,lbs,5,,
2025-12-21,Barbell Rows,pull,reps,3,165,lbs,5,,
2025-12-21,Dead Hangs,pull,timed,1,,bodyweight,,32,Mood:4
2025-12-21,Dumbbell Curls,pull,reps,1,30,lbs,11,,Mood:4
2025-12-21,Dumbbell Curls,pull,reps,2,30,lbs,10,,
2025-12-21,Dumbbell Curls,pull,reps,3,30,lbs,9,,
2025-12-21,Lat Pulldowns,pull,reps,1,130,lbs,11,,
2025-12-21,Lat Pulldowns,pull,reps,2,130,lbs,9,,
2025-12-21,Lat Pulldowns,pull,reps,3,130,lbs,9,,
__DAYSPLIT__,2025-12-22,Pull,,,,,,,
2025-12-22,Barbell Rows,pull,reps,1,170,lbs,6,,Mood:2|Form:Squeeze shoulder blades|General:Shoulder feels so much better
2025-12-22,Barbell Rows,pull,reps,2,170,lbs,6,,
2025-12-22,Barbell Rows,pull,reps,3,170,lbs,6,,
2025-12-22,Dead Hangs,pull,timed,1,,bodyweight,,35,
2025-12-22,Dumbbell Curls,pull,reps,1,30,lbs,11,,Mood:2
2025-12-22,Dumbbell Curls,pull,reps,2,30,lbs,9,,
2025-12-22,Dumbbell Curls,pull,reps,3,30,lbs,9,,
2025-12-22,Lat Pulldowns,pull,reps,1,135,lbs,11,,
2025-12-22,Lat Pulldowns,pull,reps,2,135,lbs,10,,
2025-12-22,Lat Pulldowns,pull,reps,3,135,lbs,9,,
2025-12-22,Plank,core,timed,1,,bodyweight,,51,Mood:2
2025-12-22,Plank,core,timed,2,,bodyweight,,51,
2025-12-22,Plank,core,timed,3,,bodyweight,,46,
__DAYSPLIT__,2025-12-23,Push,,,,,,,
2025-12-23,Bench Press,push,reps,1,145,lbs,6,,Mood:4|General:Added weight today. Felt earned
2025-12-23,Bench Press,push,reps,2,145,lbs,6,,
2025-12-23,Bench Press,push,reps,3,145,lbs,6,,
2025-12-23,Dips,push,reps,1,,bodyweight,9,,Mood:4
2025-12-23,Dips,push,reps,2,,bodyweight,8,,
2025-12-23,Dips,push,reps,3,,bodyweight,6,,
2025-12-23,Incline Dumbbell Press,push,reps,1,50,lbs,11,,
2025-12-23,Incline Dumbbell Press,push,reps,2,50,lbs,10,,
2025-12-23,Incline Dumbbell Press,push,reps,3,50,lbs,9,,
2025-12-23,Lateral Raises,push,reps,1,25,lbs,14,,Mood:4
2025-12-23,Lateral Raises,push,reps,2,25,lbs,12,,
2025-12-23,Lateral Raises,push,reps,3,25,lbs,12,,
2025-12-23,Overhead Press,push,reps,1,100,lbs,6,,Mood:4
2025-12-23,Overhead Press,push,reps,2,100,lbs,6,,
2025-12-23,Overhead Press,push,reps,3,100,lbs,6,,
2025-12-23,Push Ups,push,reps,1,,bodyweight,20,,
2025-12-23,Push Ups,push,reps,2,,bodyweight,16,,
2025-12-23,Push Ups,push,reps,3,,bodyweight,15,,
2025-12-23,Tricep Pushdowns,push,reps,1,60,lbs,13,,
2025-12-23,Tricep Pushdowns,push,reps,2,60,lbs,12,,
2025-12-23,Tricep Pushdowns,push,reps,3,60,lbs,11,,
__DAYSPLIT__,2025-12-27,Push,,,,,,,
2025-12-27,Ab Wheel Rollouts,core,reps,1,,bodyweight,8,,Mood:4
2025-12-27,Ab Wheel Rollouts,core,reps,2,,bodyweight,6,,
2025-12-27,Ab Wheel Rollouts,core,reps,3,,bodyweight,5,,
2025-12-27,Bench Press,push,reps,1,145,lbs,6,,
2025-12-27,Bench Press,push,reps,2,145,lbs,6,,
2025-12-27,Bench Press,push,reps,3,145,lbs,6,,
2025-12-27,Cable Woodchops,core,reps,1,40,lbs,12,,Mood:4
2025-12-27,Cable Woodchops,core,reps,2,40,lbs,11,,
2025-12-27,Cable Woodchops,core,reps,3,40,lbs,10,,
2025-12-27,Dips,push,reps,1,,bodyweight,9,,Mood:4
2025-12-27,Dips,push,reps,2,,bodyweight,8,,
2025-12-27,Dips,push,reps,3,,bodyweight,6,,
2025-12-27,Hanging Leg Raises,core,reps,1,,bodyweight,7,,
2025-12-27,Hanging Leg Raises,core,reps,2,,bodyweight,5,,
2025-12-27,Hanging Leg Raises,core,reps,3,,bodyweight,4,,
2025-12-27,Incline Dumbbell Press,push,reps,1,50,lbs,11,,Mood:4
2025-12-27,Incline Dumbbell Press,push,reps,2,50,lbs,10,,
2025-12-27,Incline Dumbbell Press,push,reps,3,50,lbs,9,,
2025-12-27,Lateral Raises,push,reps,1,25,lbs,14,,Mood:4
2025-12-27,Lateral Raises,push,reps,2,25,lbs,12,,
2025-12-27,Lateral Raises,push,reps,3,25,lbs,12,,
2025-12-27,Overhead Press,push,reps,1,100,lbs,6,,Mood:4
2025-12-27,Overhead Press,push,reps,2,100,lbs,6,,
2025-12-27,Overhead Press,push,reps,3,100,lbs,6,,
2025-12-27,Push Ups,push,reps,1,,bodyweight,20,,
2025-12-27,Push Ups,push,reps,2,,bodyweight,17,,
2025-12-27,Push Ups,push,reps,3,,bodyweight,15,,
2025-12-27,Tricep Pushdowns,push,reps,1,60,lbs,13,,
2025-12-27,Tricep Pushdowns,push,reps,2,60,lbs,12,,
2025-12-27,Tricep Pushdowns,push,reps,3,60,lbs,10,,
__DAYSPLIT__,2025-12-28,Pull,,,,,,,
2025-12-28,Barbell Rows,pull,reps,1,170,lbs,6,,Mood:4|Form:Keep back flat
2025-12-28,Barbell Rows,pull,reps,2,170,lbs,6,,
2025-12-28,Barbell Rows,pull,reps,3,170,lbs,6,,
2025-12-28,Dead Hangs,pull,timed,1,,bodyweight,,35,
2025-12-28,Dumbbell Curls,pull,reps,1,30,lbs,10,,
2025-12-28,Dumbbell Curls,pull,reps,2,30,lbs,10,,
2025-12-28,Dumbbell Curls,pull,reps,3,30,lbs,9,,
2025-12-28,Lat Pulldowns,pull,reps,1,135,lbs,10,,Mood:4
2025-12-28,Lat Pulldowns,pull,reps,2,135,lbs,10,,
2025-12-28,Lat Pulldowns,pull,reps,3,135,lbs,9,,
__DAYSPLIT__,2025-12-29,Pull,,,,,,,
2025-12-29,Barbell Rows,pull,reps,1,175,lbs,6,,Mood:4|Form:No momentum|General:Starting to see definition in arms
2025-12-29,Barbell Rows,pull,reps,2,175,lbs,6,,
2025-12-29,Barbell Rows,pull,reps,3,175,lbs,6,,
2025-12-29,Dead Hangs,pull,timed,1,,bodyweight,,38,Mood:4|Form:Relax shoulders
2025-12-29,Dumbbell Curls,pull,reps,1,30,lbs,11,,
2025-12-29,Dumbbell Curls,pull,reps,2,30,lbs,10,,
2025-12-29,Dumbbell Curls,pull,reps,3,30,lbs,9,,
2025-12-29,Lat Pulldowns,pull,reps,1,140,lbs,11,,
2025-12-29,Lat Pulldowns,pull,reps,2,140,lbs,9,,
2025-12-29,Lat Pulldowns,pull,reps,3,140,lbs,9,,
2025-12-29,Treadmill Run,cardio,timed,1,,bodyweight,,1096,Mood:4
__DAYSPLIT__,2025-12-31,Push,,,,,,,
2025-12-31,Bench Press,push,reps,1,145,lbs,6,,General:New Year session
2025-12-31,Bench Press,push,reps,2,145,lbs,6,,
2025-12-31,Bench Press,push,reps,3,145,lbs,6,,
2025-12-31,Dips,push,reps,1,,bodyweight,9,,Mood:3
2025-12-31,Dips,push,reps,2,,bodyweight,8,,
2025-12-31,Dips,push,reps,3,,bodyweight,7,,
2025-12-31,Incline Dumbbell Press,push,reps,1,55,lbs,11,,
2025-12-31,Incline Dumbbell Press,push,reps,2,55,lbs,9,,
2025-12-31,Incline Dumbbell Press,push,reps,3,55,lbs,9,,
2025-12-31,Lateral Raises,push,reps,1,25,lbs,14,,Mood:3
2025-12-31,Lateral Raises,push,reps,2,25,lbs,13,,
2025-12-31,Lateral Raises,push,reps,3,25,lbs,12,,
2025-12-31,Overhead Press,push,reps,1,100,lbs,6,,
2025-12-31,Overhead Press,push,reps,2,100,lbs,6,,
2025-12-31,Overhead Press,push,reps,3,100,lbs,6,,
2025-12-31,Push Ups,push,reps,1,,bodyweight,20,,Mood:3
2025-12-31,Push Ups,push,reps,2,,bodyweight,18,,
2025-12-31,Push Ups,push,reps,3,,bodyweight,16,,
2025-12-31,Tricep Pushdowns,push,reps,1,60,lbs,13,,
2025-12-31,Tricep Pushdowns,push,reps,2,60,lbs,12,,
2025-12-31,Tricep Pushdowns,push,reps,3,60,lbs,11,,
__DAYSPLIT__,2026-01-04,Pull,,,,,,,
2026-01-04,Barbell Rows,pull,reps,1,175,lbs,6,,Mood:4
2026-01-04,Barbell Rows,pull,reps,2,175,lbs,6,,
2026-01-04,Barbell Rows,pull,reps,3,175,lbs,6,,
2026-01-04,Dead Hangs,pull,timed,1,,bodyweight,,38,
2026-01-04,Dumbbell Curls,pull,reps,1,30,lbs,10,,
2026-01-04,Dumbbell Curls,pull,reps,2,30,lbs,10,,
2026-01-04,Dumbbell Curls,pull,reps,3,30,lbs,9,,
2026-01-04,Lat Pulldowns,pull,reps,1,140,lbs,11,,Mood:4
2026-01-04,Lat Pulldowns,pull,reps,2,140,lbs,10,,
2026-01-04,Lat Pulldowns,pull,reps,3,140,lbs,9,,
2026-01-04,Plank,core,timed,1,,bodyweight,,54,Mood:4
2026-01-04,Plank,core,timed,2,,bodyweight,,54,
2026-01-04,Plank,core,timed,3,,bodyweight,,49,
__DAYSPLIT__,2026-01-07,Pull,,,,,,,
2026-01-07,Banded Pullups,pull,reps,1,,banded,8,,Green|Mood:4|Form:Full extension at bottom
2026-01-07,Banded Pullups,pull,reps,2,,banded,7,,
2026-01-07,Banded Pullups,pull,reps,3,,banded,6,,
2026-01-07,Barbell Rows,pull,reps,1,175,lbs,6,,
2026-01-07,Barbell Rows,pull,reps,2,175,lbs,6,,
2026-01-07,Barbell Rows,pull,reps,3,175,lbs,6,,
2026-01-07,Dead Hangs,pull,timed,1,,bodyweight,,40,Mood:4
2026-01-07,Dumbbell Curls,pull,reps,1,30,lbs,11,,Mood:4
2026-01-07,Dumbbell Curls,pull,reps,2,30,lbs,10,,
2026-01-07,Dumbbell Curls,pull,reps,3,30,lbs,9,,
2026-01-07,Lat Pulldowns,pull,reps,1,140,lbs,11,,
2026-01-07,Lat Pulldowns,pull,reps,2,140,lbs,10,,
2026-01-07,Lat Pulldowns,pull,reps,3,140,lbs,9,,
2026-01-07,Plank,core,timed,1,,bodyweight,,57,
2026-01-07,Plank,core,timed,2,,bodyweight,,57,
2026-01-07,Plank,core,timed,3,,bodyweight,,52,
__DAYSPLIT__,2026-01-09,Legs,,,,,,,
2026-01-09,Ab Wheel Rollouts,core,reps,1,,bodyweight,9,,Mood:4
2026-01-09,Ab Wheel Rollouts,core,reps,2,,bodyweight,7,,
2026-01-09,Ab Wheel Rollouts,core,reps,3,,bodyweight,6,,
2026-01-09,Cable Woodchops,core,reps,1,45,lbs,13,,Mood:4
2026-01-09,Cable Woodchops,core,reps,2,45,lbs,12,,
2026-01-09,Cable Woodchops,core,reps,3,45,lbs,11,,
2026-01-09,Calf Raises,legs,reps,1,230,lbs,15,,
2026-01-09,Calf Raises,legs,reps,2,230,lbs,14,,
2026-01-09,Calf Raises,legs,reps,3,230,lbs,12,,
2026-01-09,Hanging Leg Raises,core,reps,1,,bodyweight,8,,
2026-01-09,Hanging Leg Raises,core,reps,2,,bodyweight,6,,
2026-01-09,Hanging Leg Raises,core,reps,3,,bodyweight,5,,
2026-01-09,Leg Curls,legs,reps,1,105,lbs,11,,Mood:4
2026-01-09,Leg Curls,legs,reps,2,105,lbs,10,,
2026-01-09,Leg Curls,legs,reps,3,105,lbs,9,,
2026-01-09,Leg Press,legs,reps,1,365,lbs,11,,Mood:4
2026-01-09,Leg Press,legs,reps,2,365,lbs,10,,
2026-01-09,Leg Press,legs,reps,3,365,lbs,9,,
2026-01-09,Romanian Deadlift,legs,reps,1,180,lbs,6,,
2026-01-09,Romanian Deadlift,legs,reps,2,180,lbs,5,,
2026-01-09,Romanian Deadlift,legs,reps,3,180,lbs,6,,
2026-01-09,Squat,legs,reps,1,185,lbs,6,,
2026-01-09,Squat,legs,reps,2,185,lbs,6,,
2026-01-09,Squat,legs,reps,3,185,lbs,6,,
2026-01-09,Walking Lunges,legs,reps,1,30,lbs,11,,
2026-01-09,Walking Lunges,legs,reps,2,30,lbs,11,,
2026-01-09,Walking Lunges,legs,reps,3,30,lbs,11,,
__DAYSPLIT__,2026-01-10,Push,,,,,,,
2026-01-10,Bench Press,push,reps,1,145,lbs,6,,Mood:4|Form:Full range of motion|General:Posture noticeably better
2026-01-10,Bench Press,push,reps,2,145,lbs,6,,
2026-01-10,Bench Press,push,reps,3,145,lbs,6,,
2026-01-10,Dips,push,reps,1,,bodyweight,10,,
2026-01-10,Dips,push,reps,2,,bodyweight,8,,
2026-01-10,Dips,push,reps,3,,bodyweight,7,,
2026-01-10,Incline Dumbbell Press,push,reps,1,55,lbs,11,,Mood:4
2026-01-10,Incline Dumbbell Press,push,reps,2,55,lbs,10,,
2026-01-10,Incline Dumbbell Press,push,reps,3,55,lbs,9,,
2026-01-10,Lateral Raises,push,reps,1,25,lbs,14,,
2026-01-10,Lateral Raises,push,reps,2,25,lbs,13,,
2026-01-10,Lateral Raises,push,reps,3,25,lbs,12,,
2026-01-10,Overhead Press,push,reps,1,100,lbs,6,,General:Shoulder felt great today
2026-01-10,Overhead Press,push,reps,2,100,lbs,6,,
2026-01-10,Overhead Press,push,reps,3,100,lbs,6,,
2026-01-10,Push Ups,push,reps,1,,bodyweight,21,,
2026-01-10,Push Ups,push,reps,2,,bodyweight,18,,
2026-01-10,Push Ups,push,reps,3,,bodyweight,16,,
2026-01-10,Treadmill Run,cardio,timed,1,,bodyweight,,1152,
2026-01-10,Tricep Pushdowns,push,reps,1,60,lbs,13,,Mood:4
2026-01-10,Tricep Pushdowns,push,reps,2,60,lbs,12,,
2026-01-10,Tricep Pushdowns,push,reps,3,60,lbs,10,,
__DAYSPLIT__,2026-01-12,Pull,,,,,,,
2026-01-12,Banded Pullups,pull,reps,1,,banded,9,,Green
2026-01-12,Banded Pullups,pull,reps,2,,banded,8,,
2026-01-12,Banded Pullups,pull,reps,3,,banded,7,,
2026-01-12,Barbell Rows,pull,reps,1,180,lbs,5,,Mood:4
2026-01-12,Barbell Rows,pull,reps,2,180,lbs,6,,
2026-01-12,Barbell Rows,pull,reps,3,180,lbs,6,,
2026-01-12,Dead Hangs,pull,timed,1,,bodyweight,,42,Mood:4|Form:Breathe through it
2026-01-12,Dumbbell Curls,pull,reps,1,30,lbs,11,,
2026-01-12,Dumbbell Curls,pull,reps,2,30,lbs,10,,
2026-01-12,Dumbbell Curls,pull,reps,3,30,lbs,9,,
2026-01-12,Lat Pulldowns,pull,reps,1,140,lbs,11,,
2026-01-12,Lat Pulldowns,pull,reps,2,140,lbs,9,,
2026-01-12,Lat Pulldowns,pull,reps,3,140,lbs,9,,
__DAYSPLIT__,2026-01-13,Push,,,,,,,
2026-01-13,Bench Press,push,reps,1,145,lbs,5,,Mood:3|Form:Full range of motion
2026-01-13,Bench Press,push,reps,2,145,lbs,6,,
2026-01-13,Bench Press,push,reps,3,145,lbs,5,,
2026-01-13,Dips,push,reps,1,,bodyweight,10,,
2026-01-13,Dips,push,reps,2,,bodyweight,8,,
2026-01-13,Dips,push,reps,3,,bodyweight,7,,
2026-01-13,Incline Dumbbell Press,push,reps,1,55,lbs,10,,
2026-01-13,Incline Dumbbell Press,push,reps,2,55,lbs,10,,
2026-01-13,Incline Dumbbell Press,push,reps,3,55,lbs,9,,
2026-01-13,Lateral Raises,push,reps,1,25,lbs,14,,
2026-01-13,Lateral Raises,push,reps,2,25,lbs,12,,
2026-01-13,Lateral Raises,push,reps,3,25,lbs,12,,
2026-01-13,Overhead Press,push,reps,1,100,lbs,6,,
2026-01-13,Overhead Press,push,reps,2,100,lbs,6,,
2026-01-13,Overhead Press,push,reps,3,100,lbs,6,,
2026-01-13,Plank,core,timed,1,,bodyweight,,60,
2026-01-13,Plank,core,timed,2,,bodyweight,,60,
2026-01-13,Plank,core,timed,3,,bodyweight,,55,
2026-01-13,Push Ups,push,reps,1,,bodyweight,22,,Mood:3
2026-01-13,Push Ups,push,reps,2,,bodyweight,18,,
2026-01-13,Push Ups,push,reps,3,,bodyweight,16,,
2026-01-13,Tricep Pushdowns,push,reps,1,65,lbs,12,,Mood:3
2026-01-13,Tricep Pushdowns,push,reps,2,65,lbs,12,,
2026-01-13,Tricep Pushdowns,push,reps,3,65,lbs,11,,
__DAYSPLIT__,2026-01-16,Push,,,,,,,
2026-01-16,Bench Press,push,reps,1,135,lbs,6,,Mood:1|General:Shouldn't be here. Got a cold
2026-01-16,Bench Press,push,reps,2,135,lbs,6,,
2026-01-16,Bench Press,push,reps,3,135,lbs,6,,
2026-01-16,Dips,push,reps,1,,bodyweight,9,,
2026-01-16,Dips,push,reps,2,,bodyweight,8,,
2026-01-16,Dips,push,reps,3,,bodyweight,6,,
2026-01-16,Incline Dumbbell Press,push,reps,1,45,lbs,11,,Mood:1
2026-01-16,Incline Dumbbell Press,push,reps,2,45,lbs,10,,
2026-01-16,Incline Dumbbell Press,push,reps,3,45,lbs,9,,
2026-01-16,Lateral Raises,push,reps,1,25,lbs,14,,
2026-01-16,Lateral Raises,push,reps,2,25,lbs,12,,
2026-01-16,Lateral Raises,push,reps,3,25,lbs,12,,
2026-01-16,Overhead Press,push,reps,1,95,lbs,6,,Mood:1
2026-01-16,Overhead Press,push,reps,2,95,lbs,6,,
2026-01-16,Overhead Press,push,reps,3,95,lbs,4,,
2026-01-16,Plank,core,timed,1,,bodyweight,,51,Mood:1
2026-01-16,Plank,core,timed,2,,bodyweight,,51,
2026-01-16,Plank,core,timed,3,,bodyweight,,46,
2026-01-16,Push Ups,push,reps,1,,bodyweight,20,,Mood:1
2026-01-16,Push Ups,push,reps,2,,bodyweight,17,,
2026-01-16,Push Ups,push,reps,3,,bodyweight,14,,
2026-01-16,Tricep Pushdowns,push,reps,1,55,lbs,13,,
2026-01-16,Tricep Pushdowns,push,reps,2,55,lbs,12,,
2026-01-16,Tricep Pushdowns,push,reps,3,55,lbs,10,,
__DAYSPLIT__,2026-01-20,Pull,,,,,,,
2026-01-20,Banded Pullups,pull,reps,1,,banded,8,,Green|Mood:1|General:Still fighting cold
2026-01-20,Banded Pullups,pull,reps,2,,banded,7,,
2026-01-20,Banded Pullups,pull,reps,3,,banded,6,,
2026-01-20,Barbell Rows,pull,reps,1,170,lbs,6,,Mood:1|Form:Keep back flat
2026-01-20,Barbell Rows,pull,reps,2,170,lbs,6,,
2026-01-20,Barbell Rows,pull,reps,3,170,lbs,6,,
2026-01-20,Dead Hangs,pull,timed,1,,bodyweight,,40,Mood:1
2026-01-20,Dumbbell Curls,pull,reps,1,30,lbs,11,,
2026-01-20,Dumbbell Curls,pull,reps,2,30,lbs,10,,
2026-01-20,Dumbbell Curls,pull,reps,3,30,lbs,9,,
2026-01-20,Lat Pulldowns,pull,reps,1,135,lbs,11,,
2026-01-20,Lat Pulldowns,pull,reps,2,135,lbs,10,,
2026-01-20,Lat Pulldowns,pull,reps,3,135,lbs,9,,
__DAYSPLIT__,2026-01-21,Push,,,,,,,
2026-01-21,Bench Press,push,reps,1,145,lbs,6,,Mood:2|General:Foam rolled at home last night. Felt great today
2026-01-21,Bench Press,push,reps,2,145,lbs,6,,
2026-01-21,Bench Press,push,reps,3,145,lbs,6,,
2026-01-21,Dips,push,reps,1,,bodyweight,9,,Mood:2
2026-01-21,Dips,push,reps,2,,bodyweight,8,,
2026-01-21,Dips,push,reps,3,,bodyweight,7,,
2026-01-21,Incline Dumbbell Press,push,reps,1,55,lbs,11,,
2026-01-21,Incline Dumbbell Press,push,reps,2,55,lbs,10,,
2026-01-21,Incline Dumbbell Press,push,reps,3,55,lbs,9,,
2026-01-21,Lateral Raises,push,reps,1,25,lbs,14,,
2026-01-21,Lateral Raises,push,reps,2,25,lbs,13,,
2026-01-21,Lateral Raises,push,reps,3,25,lbs,12,,
2026-01-21,Overhead Press,push,reps,1,100,lbs,6,,Mood:2
2026-01-21,Overhead Press,push,reps,2,100,lbs,6,,
2026-01-21,Overhead Press,push,reps,3,100,lbs,6,,
2026-01-21,Push Ups,push,reps,1,,bodyweight,20,,
2026-01-21,Push Ups,push,reps,2,,bodyweight,18,,
2026-01-21,Push Ups,push,reps,3,,bodyweight,16,,
2026-01-21,Tricep Pushdowns,push,reps,1,60,lbs,13,,
2026-01-21,Tricep Pushdowns,push,reps,2,60,lbs,12,,
2026-01-21,Tricep Pushdowns,push,reps,3,60,lbs,11,,
__DAYSPLIT__,2026-01-23,Mobility,,,,,,,
2026-01-23,Hip Flexor Stretches,mobility,timed,1,,bodyweight,,35,General:Getting back to normal
2026-01-23,Pigeon Stretch,mobility,timed,1,,bodyweight,,35,Mood:3
2026-01-23,Thoracic Spine Rotation,mobility,timed,1,,bodyweight,,35,
__DAYSPLIT__,2026-01-26,Cardio,,,,,,,
2026-01-26,Treadmill Run,cardio,timed,1,,bodyweight,,1320,Mood:3
__DAYSPLIT__,2026-01-27,Pull,,,,,,,
2026-01-27,Band Pull Aparts,pull,reps,1,,banded,22,,Green|Mood:5
2026-01-27,Band Pull Aparts,pull,reps,2,,banded,21,,
2026-01-27,Band Pull Aparts,pull,reps,3,,banded,18,,
2026-01-27,Banded Pullups,pull,reps,1,,banded,11,,Green|Mood:5
2026-01-27,Banded Pullups,pull,reps,2,,banded,10,,
2026-01-27,Banded Pullups,pull,reps,3,,banded,9,,
2026-01-27,Barbell Rows,pull,reps,1,185,lbs,6,,
2026-01-27,Barbell Rows,pull,reps,2,185,lbs,6,,
2026-01-27,Barbell Rows,pull,reps,3,185,lbs,6,,
2026-01-27,Dead Hangs,pull,timed,1,,bodyweight,,48,Mood:5
2026-01-27,Dumbbell Curls,pull,reps,1,30,lbs,12,,
2026-01-27,Dumbbell Curls,pull,reps,2,30,lbs,10,,
2026-01-27,Dumbbell Curls,pull,reps,3,30,lbs,10,,
2026-01-27,Face Pulls,pull,reps,1,70,lbs,15,,General:First PT exercise
2026-01-27,Face Pulls,pull,reps,2,70,lbs,15,,
2026-01-27,Face Pulls,pull,reps,3,70,lbs,14,,
2026-01-27,Lat Pulldowns,pull,reps,1,150,lbs,12,,Mood:5
2026-01-27,Lat Pulldowns,pull,reps,2,150,lbs,10,,
2026-01-27,Lat Pulldowns,pull,reps,3,150,lbs,10,,
2026-01-27,Plank,core,timed,1,,bodyweight,,66,Mood:5
2026-01-27,Plank,core,timed,2,,bodyweight,,66,
2026-01-27,Plank,core,timed,3,,bodyweight,,61,
__DAYSPLIT__,2026-01-28,Pull,,,,,,,
2026-01-28,Band Pull Aparts,pull,reps,1,,banded,23,,Green|Mood:4
2026-01-28,Band Pull Aparts,pull,reps,2,,banded,21,,
2026-01-28,Band Pull Aparts,pull,reps,3,,banded,17,,
2026-01-28,Banded Pullups,pull,reps,1,,banded,11,,Green
2026-01-28,Banded Pullups,pull,reps,2,,banded,10,,
2026-01-28,Banded Pullups,pull,reps,3,,banded,9,,
2026-01-28,Barbell Rows,pull,reps,1,185,lbs,5,,Mood:4|General:Nutrition needs work. Kebab at midnight again.
2026-01-28,Barbell Rows,pull,reps,2,185,lbs,6,,
2026-01-28,Barbell Rows,pull,reps,3,185,lbs,6,,
2026-01-28,Dead Hangs,pull,timed,1,,bodyweight,,48,Mood:4
2026-01-28,Dumbbell Curls,pull,reps,1,30,lbs,12,,Mood:4
2026-01-28,Dumbbell Curls,pull,reps,2,30,lbs,10,,
2026-01-28,Dumbbell Curls,pull,reps,3,30,lbs,10,,
2026-01-28,Face Pulls,pull,reps,1,70,lbs,15,,
2026-01-28,Face Pulls,pull,reps,2,70,lbs,15,,
2026-01-28,Face Pulls,pull,reps,3,70,lbs,14,,
2026-01-28,Lat Pulldowns,pull,reps,1,150,lbs,12,,Mood:4|Form:Lean back slightly
2026-01-28,Lat Pulldowns,pull,reps,2,150,lbs,10,,
2026-01-28,Lat Pulldowns,pull,reps,3,150,lbs,10,,
2026-01-28,Plank,core,timed,1,,bodyweight,,66,Mood:2|Form:Brace core
2026-01-28,Plank,core,timed,2,,bodyweight,,66,
2026-01-28,Plank,core,timed,3,,bodyweight,,61,
2026-01-28,Treadmill Run,cardio,timed,1,,bodyweight,,1320,Mood:4
__DAYSPLIT__,2026-02-01,Pull,,,,,,,
2026-02-01,Band Pull Aparts,pull,reps,1,,banded,23,,Red|Mood:5
2026-02-01,Band Pull Aparts,pull,reps,2,,banded,21,,
2026-02-01,Band Pull Aparts,pull,reps,3,,banded,18,,
2026-02-01,Banded Pullups,pull,reps,1,,banded,11,,Red|Mood:5|General:Graduated to red band! Less assistance. Feels real
2026-02-01,Banded Pullups,pull,reps,2,,banded,10,,
2026-02-01,Banded Pullups,pull,reps,3,,banded,9,,
2026-02-01,Barbell Rows,pull,reps,1,185,lbs,6,,Mood:5
2026-02-01,Barbell Rows,pull,reps,2,185,lbs,6,,
2026-02-01,Barbell Rows,pull,reps,3,185,lbs,6,,
2026-02-01,Dead Hangs,pull,timed,1,,bodyweight,,48,Mood:5
2026-02-01,Dumbbell Curls,pull,reps,1,30,lbs,12,,
2026-02-01,Dumbbell Curls,pull,reps,2,30,lbs,10,,
2026-02-01,Dumbbell Curls,pull,reps,3,30,lbs,10,,
2026-02-01,Face Pulls,pull,reps,1,70,lbs,15,,
2026-02-01,Face Pulls,pull,reps,2,70,lbs,15,,
2026-02-01,Face Pulls,pull,reps,3,70,lbs,14,,
2026-02-01,Lat Pulldowns,pull,reps,1,150,lbs,12,,Mood:5
2026-02-01,Lat Pulldowns,pull,reps,2,150,lbs,10,,
2026-02-01,Lat Pulldowns,pull,reps,3,150,lbs,8,,
2026-02-01,Plank,core,timed,1,,bodyweight,,66,
2026-02-01,Plank,core,timed,2,,bodyweight,,66,
2026-02-01,Plank,core,timed,3,,bodyweight,,61,
__DAYSPLIT__,2026-02-02,Push,,,,,,,
2026-02-02,Ab Wheel Rollouts,core,reps,1,,bodyweight,12,,Mood:4
2026-02-02,Ab Wheel Rollouts,core,reps,2,,bodyweight,10,,
2026-02-02,Ab Wheel Rollouts,core,reps,3,,bodyweight,9,,
2026-02-02,Bench Press,push,reps,1,145,lbs,6,,Mood:4
2026-02-02,Bench Press,push,reps,2,145,lbs,6,,
2026-02-02,Bench Press,push,reps,3,145,lbs,6,,
2026-02-02,Cable Woodchops,core,reps,1,55,lbs,14,,Mood:4
2026-02-02,Cable Woodchops,core,reps,2,55,lbs,13,,
2026-02-02,Cable Woodchops,core,reps,3,55,lbs,11,,
2026-02-02,Dips,push,reps,1,,bodyweight,11,,
2026-02-02,Dips,push,reps,2,,bodyweight,9,,
2026-02-02,Dips,push,reps,3,,bodyweight,8,,
2026-02-02,Hanging Leg Raises,core,reps,1,,bodyweight,10,,
2026-02-02,Hanging Leg Raises,core,reps,2,,bodyweight,7,,
2026-02-02,Hanging Leg Raises,core,reps,3,,bodyweight,7,,
2026-02-02,Incline Dumbbell Press,push,reps,1,55,lbs,12,,
2026-02-02,Incline Dumbbell Press,push,reps,2,55,lbs,11,,
2026-02-02,Incline Dumbbell Press,push,reps,3,55,lbs,10,,
2026-02-02,Lateral Raises,push,reps,1,30,lbs,14,,Mood:4
2026-02-02,Lateral Raises,push,reps,2,30,lbs,13,,
2026-02-02,Lateral Raises,push,reps,3,30,lbs,12,,
2026-02-02,Overhead Press,push,reps,1,100,lbs,6,,Mood:4|Form:Full lockout
2026-02-02,Overhead Press,push,reps,2,100,lbs,6,,
2026-02-02,Overhead Press,push,reps,3,100,lbs,6,,
2026-02-02,Push Ups,push,reps,1,,bodyweight,23,,Mood:4
2026-02-02,Push Ups,push,reps,2,,bodyweight,20,,
2026-02-02,Push Ups,push,reps,3,,bodyweight,18,,
2026-02-02,Tricep Pushdowns,push,reps,1,65,lbs,14,,Mood:4
2026-02-02,Tricep Pushdowns,push,reps,2,65,lbs,12,,
2026-02-02,Tricep Pushdowns,push,reps,3,65,lbs,11,,
__DAYSPLIT__,2026-02-03,Mobility,,,,,,,
2026-02-03,Hip Flexor Stretches,mobility,timed,1,,bodyweight,,40,
2026-02-03,Pigeon Stretch,mobility,timed,1,,bodyweight,,54,Mood:3
2026-02-03,Thoracic Spine Rotation,mobility,timed,1,,bodyweight,,40,Mood:3
__DAYSPLIT__,2026-02-05,Push,,,,,,,
2026-02-05,Bench Press,push,reps,1,145,lbs,6,,Mood:4|General:Nutrition needs work. Kebab at midnight again.
2026-02-05,Bench Press,push,reps,2,145,lbs,6,,
2026-02-05,Bench Press,push,reps,3,145,lbs,6,,
2026-02-05,Dips,push,reps,1,,bodyweight,11,,
2026-02-05,Dips,push,reps,2,,bodyweight,9,,
2026-02-05,Dips,push,reps,3,,bodyweight,7,,
2026-02-05,Incline Dumbbell Press,push,reps,1,55,lbs,12,,Mood:4
2026-02-05,Incline Dumbbell Press,push,reps,2,55,lbs,11,,
2026-02-05,Incline Dumbbell Press,push,reps,3,55,lbs,10,,
2026-02-05,Lateral Raises,push,reps,1,30,lbs,14,,Mood:4
2026-02-05,Lateral Raises,push,reps,2,30,lbs,13,,
2026-02-05,Lateral Raises,push,reps,3,30,lbs,11,,
2026-02-05,Overhead Press,push,reps,1,100,lbs,6,,
2026-02-05,Overhead Press,push,reps,2,100,lbs,6,,
2026-02-05,Overhead Press,push,reps,3,100,lbs,6,,
2026-02-05,Push Ups,push,reps,1,,bodyweight,23,,
2026-02-05,Push Ups,push,reps,2,,bodyweight,20,,
2026-02-05,Push Ups,push,reps,3,,bodyweight,17,,
2026-02-05,Treadmill Run,cardio,timed,1,,bodyweight,,1376,Mood:4
2026-02-05,Tricep Pushdowns,push,reps,1,65,lbs,14,,Mood:4
2026-02-05,Tricep Pushdowns,push,reps,2,65,lbs,13,,
2026-02-05,Tricep Pushdowns,push,reps,3,65,lbs,11,,
__DAYSPLIT__,2026-02-06,Pull,,,,,,,
2026-02-06,Band Pull Aparts,pull,reps,1,,banded,23,,Red|Mood:4
2026-02-06,Band Pull Aparts,pull,reps,2,,banded,21,,
2026-02-06,Band Pull Aparts,pull,reps,3,,banded,18,,
2026-02-06,Banded Pullups,pull,reps,1,,banded,12,,Red|Mood:4|Form:Engage lats first
2026-02-06,Banded Pullups,pull,reps,2,,banded,11,,
2026-02-06,Banded Pullups,pull,reps,3,,banded,10,,
2026-02-06,Barbell Rows,pull,reps,1,195,lbs,6,,Mood:4
2026-02-06,Barbell Rows,pull,reps,2,195,lbs,6,,
2026-02-06,Barbell Rows,pull,reps,3,195,lbs,6,,
2026-02-06,Dead Hangs,pull,timed,1,,bodyweight,,50,Mood:4
2026-02-06,Dumbbell Curls,pull,reps,1,35,lbs,12,,
2026-02-06,Dumbbell Curls,pull,reps,2,35,lbs,11,,
2026-02-06,Dumbbell Curls,pull,reps,3,35,lbs,10,,
2026-02-06,Face Pulls,pull,reps,1,70,lbs,14,,Mood:4|Form:Retract scapula
2026-02-06,Face Pulls,pull,reps,2,70,lbs,15,,
2026-02-06,Face Pulls,pull,reps,3,70,lbs,13,,
2026-02-06,Lat Pulldowns,pull,reps,1,150,lbs,12,,
2026-02-06,Lat Pulldowns,pull,reps,2,150,lbs,11,,
2026-02-06,Lat Pulldowns,pull,reps,3,150,lbs,10,,
__DAYSPLIT__,2026-02-08,Push,,,,,,,
2026-02-08,Bench Press,push,reps,1,145,lbs,6,,
2026-02-08,Bench Press,push,reps,2,145,lbs,5,,
2026-02-08,Bench Press,push,reps,3,145,lbs,6,,
2026-02-08,Dips,push,reps,1,,bodyweight,11,,Mood:3
2026-02-08,Dips,push,reps,2,,bodyweight,9,,
2026-02-08,Dips,push,reps,3,,bodyweight,8,,
2026-02-08,Incline Dumbbell Press,push,reps,1,55,lbs,12,,
2026-02-08,Incline Dumbbell Press,push,reps,2,55,lbs,11,,
2026-02-08,Incline Dumbbell Press,push,reps,3,55,lbs,10,,
2026-02-08,Lateral Raises,push,reps,1,30,lbs,14,,
2026-02-08,Lateral Raises,push,reps,2,30,lbs,13,,
2026-02-08,Lateral Raises,push,reps,3,30,lbs,12,,
2026-02-08,Overhead Press,push,reps,1,100,lbs,6,,
2026-02-08,Overhead Press,push,reps,2,100,lbs,6,,
2026-02-08,Overhead Press,push,reps,3,100,lbs,6,,
2026-02-08,Push Ups,push,reps,1,,bodyweight,23,,Mood:3
2026-02-08,Push Ups,push,reps,2,,bodyweight,20,,
2026-02-08,Push Ups,push,reps,3,,bodyweight,18,,
2026-02-08,Tricep Pushdowns,push,reps,1,65,lbs,14,,Mood:3
2026-02-08,Tricep Pushdowns,push,reps,2,65,lbs,13,,
2026-02-08,Tricep Pushdowns,push,reps,3,65,lbs,12,,
__DAYSPLIT__,2026-02-09,Legs,,,,,,,
2026-02-09,Ab Wheel Rollouts,core,reps,1,,bodyweight,13,,Mood:4
2026-02-09,Ab Wheel Rollouts,core,reps,2,,bodyweight,11,,
2026-02-09,Ab Wheel Rollouts,core,reps,3,,bodyweight,10,,
2026-02-09,Cable Woodchops,core,reps,1,55,lbs,14,,Mood:4|General:Best session in weeks
2026-02-09,Cable Woodchops,core,reps,2,55,lbs,13,,
2026-02-09,Cable Woodchops,core,reps,3,55,lbs,12,,
2026-02-09,Calf Raises,legs,reps,1,255,lbs,15,,
2026-02-09,Calf Raises,legs,reps,2,255,lbs,14,,
2026-02-09,Calf Raises,legs,reps,3,255,lbs,13,,
2026-02-09,Hanging Leg Raises,core,reps,1,,bodyweight,10,,
2026-02-09,Hanging Leg Raises,core,reps,2,,bodyweight,9,,
2026-02-09,Hanging Leg Raises,core,reps,3,,bodyweight,8,,
2026-02-09,Leg Curls,legs,reps,1,120,lbs,12,,Mood:4
2026-02-09,Leg Curls,legs,reps,2,120,lbs,11,,
2026-02-09,Leg Curls,legs,reps,3,120,lbs,10,,
2026-02-09,Leg Press,legs,reps,1,400,lbs,12,,Mood:4
2026-02-09,Leg Press,legs,reps,2,400,lbs,11,,
2026-02-09,Leg Press,legs,reps,3,400,lbs,10,,
2026-02-09,Romanian Deadlift,legs,reps,1,195,lbs,6,,Mood:4
2026-02-09,Romanian Deadlift,legs,reps,2,195,lbs,6,,
2026-02-09,Romanian Deadlift,legs,reps,3,195,lbs,6,,
2026-02-09,Squat,legs,reps,1,200,lbs,7,,Mood:4|Form:Knees tracking toes
2026-02-09,Squat,legs,reps,2,200,lbs,6,,
2026-02-09,Squat,legs,reps,3,200,lbs,6,,
2026-02-09,Treadmill Run,cardio,timed,1,,bodyweight,,1432,
2026-02-09,Walking Lunges,legs,reps,1,35,lbs,12,,Mood:4
2026-02-09,Walking Lunges,legs,reps,2,35,lbs,12,,
2026-02-09,Walking Lunges,legs,reps,3,35,lbs,12,,
__DAYSPLIT__,2026-02-11,Pull,,,,,,,
2026-02-11,Band Pull Aparts,pull,reps,1,,banded,24,,Red|Mood:4
2026-02-11,Band Pull Aparts,pull,reps,2,,banded,21,,
2026-02-11,Band Pull Aparts,pull,reps,3,,banded,19,,
2026-02-11,Banded Pullups,pull,reps,1,,banded,12,,Red|Mood:4|General:Getting closer to unassisted
2026-02-11,Banded Pullups,pull,reps,2,,banded,11,,
2026-02-11,Banded Pullups,pull,reps,3,,banded,10,,
2026-02-11,Barbell Rows,pull,reps,1,200,lbs,5,,Mood:4|Form:Keep chest up
2026-02-11,Barbell Rows,pull,reps,2,200,lbs,6,,
2026-02-11,Barbell Rows,pull,reps,3,200,lbs,6,,
2026-02-11,Dead Hangs,pull,timed,1,,bodyweight,,52,Mood:4|Form:Breathe through it
2026-02-11,Dumbbell Curls,pull,reps,1,35,lbs,11,,Mood:4
2026-02-11,Dumbbell Curls,pull,reps,2,35,lbs,11,,
2026-02-11,Dumbbell Curls,pull,reps,3,35,lbs,10,,
2026-02-11,Face Pulls,pull,reps,1,70,lbs,15,,Mood:4
2026-02-11,Face Pulls,pull,reps,2,70,lbs,15,,
2026-02-11,Face Pulls,pull,reps,3,70,lbs,14,,
2026-02-11,Lat Pulldowns,pull,reps,1,150,lbs,12,,Mood:4
2026-02-11,Lat Pulldowns,pull,reps,2,150,lbs,11,,
2026-02-11,Lat Pulldowns,pull,reps,3,150,lbs,10,,
__DAYSPLIT__,2026-02-14,Push,,,,,,,
2026-02-14,Bench Press,push,reps,1,150,lbs,6,,Mood:4|General:Nutrition needs work. Kebab at midnight again.
2026-02-14,Bench Press,push,reps,2,150,lbs,6,,
2026-02-14,Bench Press,push,reps,3,150,lbs,6,,
2026-02-14,Dips,push,reps,1,,bodyweight,11,,Mood:4
2026-02-14,Dips,push,reps,2,,bodyweight,9,,
2026-02-14,Dips,push,reps,3,,bodyweight,7,,
2026-02-14,Incline Dumbbell Press,push,reps,1,60,lbs,12,,
2026-02-14,Incline Dumbbell Press,push,reps,2,60,lbs,11,,
2026-02-14,Incline Dumbbell Press,push,reps,3,60,lbs,10,,
2026-02-14,Lateral Raises,push,reps,1,30,lbs,14,,Mood:4
2026-02-14,Lateral Raises,push,reps,2,30,lbs,13,,
2026-02-14,Lateral Raises,push,reps,3,30,lbs,13,,
2026-02-14,Overhead Press,push,reps,1,105,lbs,6,,Mood:4
2026-02-14,Overhead Press,push,reps,2,105,lbs,6,,
2026-02-14,Overhead Press,push,reps,3,105,lbs,6,,
2026-02-14,Push Ups,push,reps,1,,bodyweight,24,,Mood:4
2026-02-14,Push Ups,push,reps,2,,bodyweight,20,,
2026-02-14,Push Ups,push,reps,3,,bodyweight,18,,
2026-02-14,Tricep Pushdowns,push,reps,1,65,lbs,14,,Mood:4
2026-02-14,Tricep Pushdowns,push,reps,2,65,lbs,13,,
2026-02-14,Tricep Pushdowns,push,reps,3,65,lbs,12,,
__DAYSPLIT__,2026-02-16,Pull,,,,,,,
2026-02-16,Band Pull Aparts,pull,reps,1,,banded,24,,Red
2026-02-16,Band Pull Aparts,pull,reps,2,,banded,22,,
2026-02-16,Band Pull Aparts,pull,reps,3,,banded,19,,
2026-02-16,Banded Pullups,pull,reps,1,,banded,13,,Red|Mood:4
2026-02-16,Banded Pullups,pull,reps,2,,banded,12,,
2026-02-16,Banded Pullups,pull,reps,3,,banded,11,,
2026-02-16,Barbell Rows,pull,reps,1,200,lbs,6,,Mood:3
2026-02-16,Barbell Rows,pull,reps,2,200,lbs,6,,
2026-02-16,Barbell Rows,pull,reps,3,200,lbs,6,,
2026-02-16,Dead Hangs,pull,timed,1,,bodyweight,,55,Mood:4
2026-02-16,Dumbbell Curls,pull,reps,1,35,lbs,12,,
2026-02-16,Dumbbell Curls,pull,reps,2,35,lbs,11,,
2026-02-16,Dumbbell Curls,pull,reps,3,35,lbs,10,,
2026-02-16,Face Pulls,pull,reps,1,75,lbs,15,,Mood:4
2026-02-16,Face Pulls,pull,reps,2,75,lbs,15,,
2026-02-16,Face Pulls,pull,reps,3,75,lbs,14,,
2026-02-16,Lat Pulldowns,pull,reps,1,155,lbs,12,,Mood:4
2026-02-16,Lat Pulldowns,pull,reps,2,155,lbs,11,,
2026-02-16,Lat Pulldowns,pull,reps,3,155,lbs,10,,
2026-02-16,Plank,core,timed,1,,bodyweight,,74,
2026-02-16,Plank,core,timed,2,,bodyweight,,74,
2026-02-16,Plank,core,timed,3,,bodyweight,,69,
__DAYSPLIT__,2026-02-17,Push,,,,,,,
2026-02-17,Ab Wheel Rollouts,core,reps,1,,bodyweight,14,,Mood:3
2026-02-17,Ab Wheel Rollouts,core,reps,2,,bodyweight,12,,
2026-02-17,Ab Wheel Rollouts,core,reps,3,,bodyweight,11,,
2026-02-17,Bench Press,push,reps,1,150,lbs,6,,
2026-02-17,Bench Press,push,reps,2,150,lbs,6,,
2026-02-17,Bench Press,push,reps,3,150,lbs,5,,
2026-02-17,Cable Woodchops,core,reps,1,55,lbs,14,,Mood:3
2026-02-17,Cable Woodchops,core,reps,2,55,lbs,13,,
2026-02-17,Cable Woodchops,core,reps,3,55,lbs,12,,
2026-02-17,Dips,push,reps,1,,bodyweight,11,,
2026-02-17,Dips,push,reps,2,,bodyweight,10,,
2026-02-17,Dips,push,reps,3,,bodyweight,8,,
2026-02-17,Hanging Leg Raises,core,reps,1,,bodyweight,11,,Mood:3
2026-02-17,Hanging Leg Raises,core,reps,2,,bodyweight,9,,
2026-02-17,Hanging Leg Raises,core,reps,3,,bodyweight,8,,
2026-02-17,Incline Dumbbell Press,push,reps,1,60,lbs,12,,
2026-02-17,Incline Dumbbell Press,push,reps,2,60,lbs,11,,
2026-02-17,Incline Dumbbell Press,push,reps,3,60,lbs,10,,
2026-02-17,Lateral Raises,push,reps,1,30,lbs,15,,Mood:3
2026-02-17,Lateral Raises,push,reps,2,30,lbs,14,,
2026-02-17,Lateral Raises,push,reps,3,30,lbs,12,,
2026-02-17,Overhead Press,push,reps,1,105,lbs,6,,
2026-02-17,Overhead Press,push,reps,2,105,lbs,6,,
2026-02-17,Overhead Press,push,reps,3,105,lbs,6,,
2026-02-17,Plank,core,timed,1,,bodyweight,,74,
2026-02-17,Plank,core,timed,2,,bodyweight,,74,
2026-02-17,Plank,core,timed,3,,bodyweight,,69,
2026-02-17,Push Ups,push,reps,1,,bodyweight,24,,Mood:3
2026-02-17,Push Ups,push,reps,2,,bodyweight,21,,
2026-02-17,Push Ups,push,reps,3,,bodyweight,19,,
2026-02-17,Tricep Pushdowns,push,reps,1,70,lbs,14,,
2026-02-17,Tricep Pushdowns,push,reps,2,70,lbs,13,,
2026-02-17,Tricep Pushdowns,push,reps,3,70,lbs,12,,
__DAYSPLIT__,2026-02-20,Legs,,,,,,,
2026-02-20,Calf Raises,legs,reps,1,260,lbs,15,,Mood:4
2026-02-20,Calf Raises,legs,reps,2,260,lbs,15,,
2026-02-20,Calf Raises,legs,reps,3,260,lbs,14,,
2026-02-20,Leg Curls,legs,reps,1,125,lbs,12,,
2026-02-20,Leg Curls,legs,reps,2,125,lbs,11,,
2026-02-20,Leg Curls,legs,reps,3,125,lbs,10,,
2026-02-20,Leg Press,legs,reps,1,405,lbs,12,,
2026-02-20,Leg Press,legs,reps,2,405,lbs,11,,
2026-02-20,Leg Press,legs,reps,3,405,lbs,9,,
2026-02-20,Romanian Deadlift,legs,reps,1,195,lbs,6,,Mood:4
2026-02-20,Romanian Deadlift,legs,reps,2,195,lbs,6,,
2026-02-20,Romanian Deadlift,legs,reps,3,195,lbs,6,,
2026-02-20,Squat,legs,reps,1,205,lbs,7,,Mood:4|Form:Depth looking good
2026-02-20,Squat,legs,reps,2,205,lbs,7,,
2026-02-20,Squat,legs,reps,3,205,lbs,6,,
2026-02-20,Walking Lunges,legs,reps,1,40,lbs,12,,
2026-02-20,Walking Lunges,legs,reps,2,40,lbs,11,,
2026-02-20,Walking Lunges,legs,reps,3,40,lbs,12,,
__DAYSPLIT__,2026-02-22,Pull,,,,,,,
2026-02-22,Band Pull Aparts,pull,reps,1,,banded,24,,Red|Mood:5
2026-02-22,Band Pull Aparts,pull,reps,2,,banded,22,,
2026-02-22,Band Pull Aparts,pull,reps,3,,banded,19,,
2026-02-22,Banded Pullups,pull,reps,1,,banded,14,,Red|Mood:5
2026-02-22,Banded Pullups,pull,reps,2,,banded,13,,
2026-02-22,Banded Pullups,pull,reps,3,,banded,12,,
2026-02-22,Barbell Rows,pull,reps,1,200,lbs,6,,Mood:5
2026-02-22,Barbell Rows,pull,reps,2,200,lbs,6,,
2026-02-22,Barbell Rows,pull,reps,3,200,lbs,6,,
2026-02-22,Dead Hangs,pull,timed,1,,bodyweight,,55,Mood:5
2026-02-22,Dumbbell Curls,pull,reps,1,35,lbs,12,,Mood:5
2026-02-22,Dumbbell Curls,pull,reps,2,35,lbs,11,,
2026-02-22,Dumbbell Curls,pull,reps,3,35,lbs,10,,
2026-02-22,Face Pulls,pull,reps,1,75,lbs,14,,
2026-02-22,Face Pulls,pull,reps,2,75,lbs,15,,
2026-02-22,Face Pulls,pull,reps,3,75,lbs,14,,
2026-02-22,Lat Pulldowns,pull,reps,1,155,lbs,12,,
2026-02-22,Lat Pulldowns,pull,reps,2,155,lbs,11,,
2026-02-22,Lat Pulldowns,pull,reps,3,155,lbs,10,,
2026-02-22,Plank,core,timed,1,,bodyweight,,74,Mood:5
2026-02-22,Plank,core,timed,2,,bodyweight,,74,
2026-02-22,Plank,core,timed,3,,bodyweight,,69,
2026-02-22,Treadmill Run,cardio,timed,1,,bodyweight,,1488,
__DAYSPLIT__,2026-02-23,Push,,,,,,,
2026-02-23,Bench Press,push,reps,1,150,lbs,6,,Mood:4|Form:Keep shoulder blades pinched
2026-02-23,Bench Press,push,reps,2,150,lbs,6,,
2026-02-23,Bench Press,push,reps,3,150,lbs,6,,
2026-02-23,Dips,push,reps,1,,bodyweight,12,,Mood:4|Form:Full depth
2026-02-23,Dips,push,reps,2,,bodyweight,10,,
2026-02-23,Dips,push,reps,3,,bodyweight,9,,
2026-02-23,Incline Dumbbell Press,push,reps,1,60,lbs,12,,
2026-02-23,Incline Dumbbell Press,push,reps,2,60,lbs,11,,
2026-02-23,Incline Dumbbell Press,push,reps,3,60,lbs,10,,
2026-02-23,Lateral Raises,push,reps,1,30,lbs,15,,
2026-02-23,Lateral Raises,push,reps,2,30,lbs,14,,
2026-02-23,Lateral Raises,push,reps,3,30,lbs,12,,
2026-02-23,Overhead Press,push,reps,1,105,lbs,6,,Mood:4
2026-02-23,Overhead Press,push,reps,2,105,lbs,6,,
2026-02-23,Overhead Press,push,reps,3,105,lbs,6,,
2026-02-23,Push Ups,push,reps,1,,bodyweight,24,,
2026-02-23,Push Ups,push,reps,2,,bodyweight,22,,
2026-02-23,Push Ups,push,reps,3,,bodyweight,20,,
2026-02-23,Tricep Pushdowns,push,reps,1,70,lbs,14,,
2026-02-23,Tricep Pushdowns,push,reps,2,70,lbs,12,,
2026-02-23,Tricep Pushdowns,push,reps,3,70,lbs,11,,
__DAYSPLIT__,2026-02-24,Legs,,,,,,,
2026-02-24,Ab Wheel Rollouts,core,reps,1,,bodyweight,14,,
2026-02-24,Ab Wheel Rollouts,core,reps,2,,bodyweight,12,,
2026-02-24,Ab Wheel Rollouts,core,reps,3,,bodyweight,10,,
2026-02-24,Cable Woodchops,core,reps,1,60,lbs,15,,Mood:3
2026-02-24,Cable Woodchops,core,reps,2,60,lbs,13,,
2026-02-24,Cable Woodchops,core,reps,3,60,lbs,13,,
2026-02-24,Calf Raises,legs,reps,1,265,lbs,15,,Mood:3
2026-02-24,Calf Raises,legs,reps,2,265,lbs,15,,
2026-02-24,Calf Raises,legs,reps,3,265,lbs,13,,
2026-02-24,Hanging Leg Raises,core,reps,1,,bodyweight,11,,
2026-02-24,Hanging Leg Raises,core,reps,2,,bodyweight,9,,
2026-02-24,Hanging Leg Raises,core,reps,3,,bodyweight,9,,
2026-02-24,Leg Curls,legs,reps,1,125,lbs,12,,Mood:3
2026-02-24,Leg Curls,legs,reps,2,125,lbs,11,,
2026-02-24,Leg Curls,legs,reps,3,125,lbs,10,,
2026-02-24,Leg Press,legs,reps,1,415,lbs,12,,
2026-02-24,Leg Press,legs,reps,2,415,lbs,11,,
2026-02-24,Leg Press,legs,reps,3,415,lbs,10,,
2026-02-24,Romanian Deadlift,legs,reps,1,200,lbs,6,,Mood:3
2026-02-24,Romanian Deadlift,legs,reps,2,200,lbs,6,,
2026-02-24,Romanian Deadlift,legs,reps,3,200,lbs,6,,
2026-02-24,Squat,legs,reps,1,205,lbs,7,,Mood:3
2026-02-24,Squat,legs,reps,2,205,lbs,6,,
2026-02-24,Squat,legs,reps,3,205,lbs,6,,
2026-02-24,Walking Lunges,legs,reps,1,40,lbs,12,,
2026-02-24,Walking Lunges,legs,reps,2,40,lbs,12,,
2026-02-24,Walking Lunges,legs,reps,3,40,lbs,12,,
__DAYSPLIT__,2026-02-25,Push,,,,,,,
2026-02-25,Ab Wheel Rollouts,core,reps,1,,bodyweight,14,,Mood:4
2026-02-25,Ab Wheel Rollouts,core,reps,2,,bodyweight,12,,
2026-02-25,Ab Wheel Rollouts,core,reps,3,,bodyweight,11,,
2026-02-25,Bench Press,push,reps,1,150,lbs,6,,
2026-02-25,Bench Press,push,reps,2,150,lbs,6,,
2026-02-25,Bench Press,push,reps,3,150,lbs,6,,
2026-02-25,Cable Woodchops,core,reps,1,60,lbs,15,,Mood:4
2026-02-25,Cable Woodchops,core,reps,2,60,lbs,14,,
2026-02-25,Cable Woodchops,core,reps,3,60,lbs,13,,
2026-02-25,Dips,push,reps,1,,bodyweight,12,,Mood:4
2026-02-25,Dips,push,reps,2,,bodyweight,10,,
2026-02-25,Dips,push,reps,3,,bodyweight,9,,
2026-02-25,Hanging Leg Raises,core,reps,1,,bodyweight,11,,
2026-02-25,Hanging Leg Raises,core,reps,2,,bodyweight,10,,
2026-02-25,Hanging Leg Raises,core,reps,3,,bodyweight,9,,
2026-02-25,Incline Dumbbell Press,push,reps,1,60,lbs,12,,
2026-02-25,Incline Dumbbell Press,push,reps,2,60,lbs,11,,
2026-02-25,Incline Dumbbell Press,push,reps,3,60,lbs,10,,
2026-02-25,Lateral Raises,push,reps,1,30,lbs,15,,
2026-02-25,Lateral Raises,push,reps,2,30,lbs,14,,
2026-02-25,Lateral Raises,push,reps,3,30,lbs,13,,
2026-02-25,Overhead Press,push,reps,1,105,lbs,6,,Mood:4|Form:Shoulders felt stable
2026-02-25,Overhead Press,push,reps,2,105,lbs,5,,
2026-02-25,Overhead Press,push,reps,3,105,lbs,6,,
2026-02-25,Plank,core,timed,1,,bodyweight,,77,
2026-02-25,Plank,core,timed,2,,bodyweight,,77,
2026-02-25,Plank,core,timed,3,,bodyweight,,72,
2026-02-25,Push Ups,push,reps,1,,bodyweight,24,,Mood:4
2026-02-25,Push Ups,push,reps,2,,bodyweight,20,,
2026-02-25,Push Ups,push,reps,3,,bodyweight,20,,
2026-02-25,Tricep Pushdowns,push,reps,1,70,lbs,14,,
2026-02-25,Tricep Pushdowns,push,reps,2,70,lbs,13,,
2026-02-25,Tricep Pushdowns,push,reps,3,70,lbs,12,,
__DAYSPLIT__,2026-02-27,Pull,,,,,,,
2026-02-27,Band Pull Aparts,pull,reps,1,,banded,25,,Red|Mood:5
2026-02-27,Band Pull Aparts,pull,reps,2,,banded,23,,
2026-02-27,Band Pull Aparts,pull,reps,3,,banded,20,,
2026-02-27,Banded Pullups,pull,reps,1,,banded,14,,Red|Mood:5|General:Five months in. This is who I am now
2026-02-27,Banded Pullups,pull,reps,2,,banded,13,,
2026-02-27,Banded Pullups,pull,reps,3,,banded,12,,
2026-02-27,Barbell Rows,pull,reps,1,205,lbs,6,,Mood:5
2026-02-27,Barbell Rows,pull,reps,2,205,lbs,6,,
2026-02-27,Barbell Rows,pull,reps,3,205,lbs,6,,
2026-02-27,Dead Hangs,pull,timed,1,,bodyweight,,58,Mood:5
2026-02-27,Dumbbell Curls,pull,reps,1,35,lbs,12,,Mood:5
2026-02-27,Dumbbell Curls,pull,reps,2,35,lbs,11,,
2026-02-27,Dumbbell Curls,pull,reps,3,35,lbs,10,,
2026-02-27,Face Pulls,pull,reps,1,80,lbs,15,,
2026-02-27,Face Pulls,pull,reps,2,80,lbs,14,,
2026-02-27,Face Pulls,pull,reps,3,80,lbs,14,,
2026-02-27,Lat Pulldowns,pull,reps,1,160,lbs,12,,
2026-02-27,Lat Pulldowns,pull,reps,2,160,lbs,11,,
2026-02-27,Lat Pulldowns,pull,reps,3,160,lbs,10,,
2026-02-27,Plank,core,timed,1,,bodyweight,,77,Mood:5
2026-02-27,Plank,core,timed,2,,bodyweight,,77,
2026-02-27,Plank,core,timed,3,,bodyweight,,72,
__DAYSPLIT__,2026-02-28,Push,,,,,,,
2026-02-28,Bench Press,push,reps,1,150,lbs,7,,Mood:4|Form:Keep chest up|General:Good push session
2026-02-28,Bench Press,push,reps,2,150,lbs,6,,
2026-02-28,Bench Press,push,reps,3,150,lbs,5,,
2026-02-28,Incline Dumbbell Press,push,reps,1,60,lbs,12,,
2026-02-28,Incline Dumbbell Press,push,reps,2,60,lbs,11,,
2026-02-28,Incline Dumbbell Press,push,reps,3,60,lbs,10,,
2026-02-28,Overhead Press,push,reps,1,105,lbs,6,,
2026-02-28,Overhead Press,push,reps,2,105,lbs,5,,
2026-02-28,Overhead Press,push,reps,3,105,lbs,4,,
2026-02-28,Lateral Raises,push,reps,1,30,lbs,15,,
2026-02-28,Lateral Raises,push,reps,2,30,lbs,14,,
2026-02-28,Lateral Raises,push,reps,3,30,lbs,13,,
2026-02-28,Dips,push,reps,1,,bodyweight,13,,
2026-02-28,Dips,push,reps,2,,bodyweight,12,,
2026-02-28,Dips,push,reps,3,,bodyweight,11,,
2026-02-28,Push Ups,push,reps,1,,bodyweight,25,,
2026-02-28,Push Ups,push,reps,2,,bodyweight,24,,
2026-02-28,Push Ups,push,reps,3,,bodyweight,23,,
2026-02-28,Tricep Pushdowns,push,reps,1,70,lbs,14,,
2026-02-28,Tricep Pushdowns,push,reps,2,70,lbs,13,,
2026-02-28,Tricep Pushdowns,push,reps,3,70,lbs,12,,
2026-02-28,Sauna,other,timed,1,,,,900,Mood:4|General:Recovery sauna after push
__DAYSPLIT__,2026-03-01,Other,,,,,,,
2026-03-01,Stretching (General),mobility,timed,1,,,,300,Mood:3|General:Light mobility work
2026-03-01,Foam Rolling,other,timed,1,,,,300,
__DAYSPLIT__,2026-03-03,Push,,,,,,,
2026-03-03,Bench Press,push,reps,1,150,lbs,7,,Mood:4|Form:Keep chest up|General:Nice session
2026-03-03,Bench Press,push,reps,2,150,lbs,6,,
2026-03-03,Bench Press,push,reps,3,150,lbs,5,,
2026-03-03,Incline Dumbbell Press,push,reps,1,60,lbs,12,,
2026-03-03,Incline Dumbbell Press,push,reps,2,60,lbs,11,,
2026-03-03,Incline Dumbbell Press,push,reps,3,60,lbs,10,,
2026-03-03,Overhead Press,push,reps,1,105,lbs,6,,
2026-03-03,Overhead Press,push,reps,2,105,lbs,5,,
2026-03-03,Overhead Press,push,reps,3,105,lbs,4,,
2026-03-03,Lateral Raises,push,reps,1,30,lbs,15,,
2026-03-03,Lateral Raises,push,reps,2,30,lbs,14,,
2026-03-03,Lateral Raises,push,reps,3,30,lbs,13,,
2026-03-03,Dips,push,reps,1,,bodyweight,14,,
2026-03-03,Dips,push,reps,2,,bodyweight,13,,
2026-03-03,Dips,push,reps,3,,bodyweight,12,,
2026-03-03,Push Ups,push,reps,1,,bodyweight,25,,
2026-03-03,Push Ups,push,reps,2,,bodyweight,24,,
2026-03-03,Push Ups,push,reps,3,,bodyweight,23,,
2026-03-03,Tricep Pushdowns,push,reps,1,70,lbs,14,,
2026-03-03,Tricep Pushdowns,push,reps,2,70,lbs,13,,
2026-03-03,Tricep Pushdowns,push,reps,3,70,lbs,12,,
2026-03-03,Cold Plunge,other,timed,1,,,,120,General:First cold plunge of the season. Brutal.
__DAYSPLIT__,2026-03-04,Pull,,,,,,,
2026-03-04,Barbell Rows,pull,reps,1,210,lbs,7,,Mood:4|Form:Good form|General:Strong pull session
2026-03-04,Barbell Rows,pull,reps,2,210,lbs,6,,
2026-03-04,Barbell Rows,pull,reps,3,210,lbs,5,,
2026-03-04,Lat Pulldowns,pull,reps,1,160,lbs,12,,
2026-03-04,Lat Pulldowns,pull,reps,2,160,lbs,11,,
2026-03-04,Lat Pulldowns,pull,reps,3,160,lbs,10,,
2026-03-04,Banded Pullups,pull,reps,1,,banded,15,,Red|Mood:4|Form:Smooth reps|General:Pullup progress steady
2026-03-04,Banded Pullups,pull,reps,2,,banded,14,,
2026-03-04,Banded Pullups,pull,reps,3,,banded,13,,
2026-03-04,Band Pull Aparts,pull,reps,1,,banded,25,,Red
2026-03-04,Band Pull Aparts,pull,reps,2,,banded,23,,
2026-03-04,Band Pull Aparts,pull,reps,3,,banded,21,,
2026-03-04,Dumbbell Curls,pull,reps,1,35,lbs,12,,
2026-03-04,Dumbbell Curls,pull,reps,2,35,lbs,11,,
2026-03-04,Dumbbell Curls,pull,reps,3,35,lbs,10,,
2026-03-04,Face Pulls,pull,reps,1,80,lbs,15,,
2026-03-04,Face Pulls,pull,reps,2,80,lbs,14,,
2026-03-04,Face Pulls,pull,reps,3,80,lbs,13,,
2026-03-04,Dead Hangs,pull,timed,1,,bodyweight,,62,
__DAYSPLIT__,2026-03-05,Legs,,,,,,,
2026-03-05,Squat,legs,reps,1,210,lbs,7,,Mood:3|Form:Depth improving|General:Solid leg day
2026-03-05,Squat,legs,reps,2,210,lbs,6,,
2026-03-05,Squat,legs,reps,3,210,lbs,5,,
2026-03-05,Romanian Deadlift,legs,reps,1,200,lbs,7,,
2026-03-05,Romanian Deadlift,legs,reps,2,200,lbs,6,,
2026-03-05,Romanian Deadlift,legs,reps,3,200,lbs,5,,
2026-03-05,Leg Press,legs,reps,1,425,lbs,12,,
2026-03-05,Leg Press,legs,reps,2,425,lbs,11,,
2026-03-05,Leg Press,legs,reps,3,425,lbs,10,,
2026-03-05,Leg Curls,legs,reps,1,130,lbs,12,,
2026-03-05,Leg Curls,legs,reps,2,130,lbs,11,,
2026-03-05,Leg Curls,legs,reps,3,130,lbs,10,,
2026-03-05,Walking Lunges,legs,reps,1,40,lbs,12,,
2026-03-05,Walking Lunges,legs,reps,2,40,lbs,11,,
2026-03-05,Walking Lunges,legs,reps,3,40,lbs,10,,
2026-03-05,Calf Raises,legs,reps,1,270,lbs,15,,
2026-03-05,Calf Raises,legs,reps,2,270,lbs,14,,
2026-03-05,Calf Raises,legs,reps,3,270,lbs,13,,
__DAYSPLIT__,2026-03-06,Other,,,,,,,
2026-03-06,Stretching (General),mobility,timed,1,,,,900,Mood:3|General:Rest day. Mobility work.
2026-03-06,Hip Flexor Stretches,mobility,timed,1,,,,180,
__DAYSPLIT__,2026-03-07,Push,,,,,,,
2026-03-07,Bench Press,push,reps,1,155,lbs,7,,Mood:4|Form:Keep chest up|General:Good push
2026-03-07,Bench Press,push,reps,2,155,lbs,6,,
2026-03-07,Bench Press,push,reps,3,155,lbs,5,,
2026-03-07,Incline Dumbbell Press,push,reps,1,60,lbs,12,,
2026-03-07,Incline Dumbbell Press,push,reps,2,60,lbs,11,,
2026-03-07,Incline Dumbbell Press,push,reps,3,60,lbs,10,,
2026-03-07,Overhead Press,push,reps,1,110,lbs,6,,
2026-03-07,Overhead Press,push,reps,2,110,lbs,5,,
2026-03-07,Overhead Press,push,reps,3,110,lbs,4,,
2026-03-07,Lateral Raises,push,reps,1,30,lbs,15,,
2026-03-07,Lateral Raises,push,reps,2,30,lbs,14,,
2026-03-07,Lateral Raises,push,reps,3,30,lbs,13,,
2026-03-07,Dips,push,reps,1,,bodyweight,14,,
2026-03-07,Dips,push,reps,2,,bodyweight,13,,
2026-03-07,Dips,push,reps,3,,bodyweight,12,,
2026-03-07,Push Ups,push,reps,1,,bodyweight,26,,
2026-03-07,Push Ups,push,reps,2,,bodyweight,25,,
2026-03-07,Push Ups,push,reps,3,,bodyweight,24,,
2026-03-07,Tricep Pushdowns,push,reps,1,70,lbs,14,,
2026-03-07,Tricep Pushdowns,push,reps,2,70,lbs,13,,
2026-03-07,Tricep Pushdowns,push,reps,3,70,lbs,12,,
2026-03-07,Sauna,other,timed,1,,,,900,Mood:4|General:Recovery sauna
__DAYSPLIT__,2026-03-08,Pull,,,,,,,
2026-03-08,Barbell Rows,pull,reps,1,200,lbs,6,,Mood:1|Form:Form breaking down|General:Worst session in weeks. Construction noise all night.
2026-03-08,Barbell Rows,pull,reps,2,200,lbs,5,,
2026-03-08,Barbell Rows,pull,reps,3,200,lbs,4,,
2026-03-08,Lat Pulldowns,pull,reps,1,155,lbs,10,,
2026-03-08,Lat Pulldowns,pull,reps,2,155,lbs,9,,
2026-03-08,Lat Pulldowns,pull,reps,3,155,lbs,8,,
2026-03-08,Banded Pullups,pull,reps,1,,banded,13,,Red|Mood:1|Form:Struggling|General:Had to push through. Sleep deprivation is real.
2026-03-08,Banded Pullups,pull,reps,2,,banded,12,,
2026-03-08,Banded Pullups,pull,reps,3,,banded,11,,
2026-03-08,Band Pull Aparts,pull,reps,1,,banded,20,,Red
2026-03-08,Band Pull Aparts,pull,reps,2,,banded,19,,
2026-03-08,Band Pull Aparts,pull,reps,3,,banded,18,,
2026-03-08,Dumbbell Curls,pull,reps,1,35,lbs,10,,
2026-03-08,Dumbbell Curls,pull,reps,2,35,lbs,9,,
2026-03-08,Dumbbell Curls,pull,reps,3,35,lbs,8,,
2026-03-08,Face Pulls,pull,reps,1,75,lbs,12,,
2026-03-08,Face Pulls,pull,reps,2,75,lbs,11,,
2026-03-08,Face Pulls,pull,reps,3,75,lbs,10,,
__DAYSPLIT__,2026-03-09,Other,,,,,,,
2026-03-09,Stretching (General),mobility,timed,1,,,,300,Mood:2|General:Recovery day. Sleep was rough.
2026-03-09,Foam Rolling,other,timed,1,,,,300,
__DAYSPLIT__,2026-03-10,Push,,,,,,,
2026-03-10,Bench Press,push,reps,1,145,lbs,5,,Mood:2|Form:Not feeling it today|General:Light session. Sleep catch-up.
2026-03-10,Bench Press,push,reps,2,145,lbs,5,,
2026-03-10,Bench Press,push,reps,3,145,lbs,5,,
2026-03-10,Overhead Press,push,reps,1,100,lbs,5,,
2026-03-10,Overhead Press,push,reps,2,100,lbs,5,,
2026-03-10,Overhead Press,push,reps,3,100,lbs,5,,
2026-03-10,Lateral Raises,push,reps,1,25,lbs,12,,
2026-03-10,Lateral Raises,push,reps,2,25,lbs,11,,
2026-03-10,Lateral Raises,push,reps,3,25,lbs,10,,
2026-03-10,Push Ups,push,reps,1,,bodyweight,22,,
2026-03-10,Push Ups,push,reps,2,,bodyweight,21,,
2026-03-10,Push Ups,push,reps,3,,bodyweight,19,,
__DAYSPLIT__,2026-03-11,Pull,,,,,,,
2026-03-11,Barbell Rows,pull,reps,1,210,lbs,7,,Mood:5|Form:Good form|General:Bouncing back strong
2026-03-11,Barbell Rows,pull,reps,2,210,lbs,6,,
2026-03-11,Barbell Rows,pull,reps,3,210,lbs,5,,
2026-03-11,Lat Pulldowns,pull,reps,1,160,lbs,12,,
2026-03-11,Lat Pulldowns,pull,reps,2,160,lbs,11,,
2026-03-11,Lat Pulldowns,pull,reps,3,160,lbs,10,,
2026-03-11,Banded Pullups,pull,reps,1,,banded,16,,Red|Mood:5|Form:Smooth reps|General:Getting stronger
2026-03-11,Banded Pullups,pull,reps,2,,banded,15,,
2026-03-11,Banded Pullups,pull,reps,3,,banded,14,,
2026-03-11,Band Pull Aparts,pull,reps,1,,banded,26,,Red
2026-03-11,Band Pull Aparts,pull,reps,2,,banded,24,,
2026-03-11,Band Pull Aparts,pull,reps,3,,banded,22,,
2026-03-11,Dumbbell Curls,pull,reps,1,35,lbs,12,,
2026-03-11,Dumbbell Curls,pull,reps,2,35,lbs,11,,
2026-03-11,Dumbbell Curls,pull,reps,3,35,lbs,10,,
2026-03-11,Face Pulls,pull,reps,1,80,lbs,15,,
2026-03-11,Face Pulls,pull,reps,2,80,lbs,14,,
2026-03-11,Face Pulls,pull,reps,3,80,lbs,13,,
2026-03-11,Dead Hangs,pull,timed,1,,bodyweight,,65,
__DAYSPLIT__,2026-03-12,Legs,,,,,,,
2026-03-12,Squat,legs,reps,1,215,lbs,8,,Mood:5|Form:Excellent depth|General:Strongest leg day in weeks
2026-03-12,Squat,legs,reps,2,215,lbs,7,,
2026-03-12,Squat,legs,reps,3,215,lbs,6,,
2026-03-12,Romanian Deadlift,legs,reps,1,205,lbs,7,,
2026-03-12,Romanian Deadlift,legs,reps,2,205,lbs,6,,
2026-03-12,Romanian Deadlift,legs,reps,3,205,lbs,5,,
2026-03-12,Leg Press,legs,reps,1,430,lbs,13,,
2026-03-12,Leg Press,legs,reps,2,430,lbs,12,,
2026-03-12,Leg Press,legs,reps,3,430,lbs,11,,
2026-03-12,Leg Curls,legs,reps,1,135,lbs,13,,
2026-03-12,Leg Curls,legs,reps,2,135,lbs,12,,
2026-03-12,Leg Curls,legs,reps,3,135,lbs,11,,
2026-03-12,Walking Lunges,legs,reps,1,40,lbs,13,,
2026-03-12,Walking Lunges,legs,reps,2,40,lbs,12,,
2026-03-12,Walking Lunges,legs,reps,3,40,lbs,11,,
2026-03-12,Calf Raises,legs,reps,1,275,lbs,16,,
2026-03-12,Calf Raises,legs,reps,2,275,lbs,15,,
2026-03-12,Calf Raises,legs,reps,3,275,lbs,14,,
__DAYSPLIT__,2026-03-13,Other,,,,,,,
2026-03-13,Sauna,other,timed,1,,,,900,Mood:3|General:Recovery day. 15 min sauna.
2026-03-13,Stretching (General),mobility,timed,1,,,,600,General:Post-sauna mobility
__DAYSPLIT__,2026-03-14,Push,,,,,,,
2026-03-14,Bench Press,push,reps,1,170,lbs,5,,Mood:5|Form:PERFECT FORM|General:HIT 170! New bench press PR!
2026-03-14,Bench Press,push,reps,2,170,lbs,3,,
2026-03-14,Bench Press,push,reps,3,170,lbs,2,,
2026-03-14,Incline Dumbbell Press,push,reps,1,65,lbs,12,,Mood:5|Form:Feeling strong|General:Strongest session in weeks
2026-03-14,Incline Dumbbell Press,push,reps,2,65,lbs,11,,
2026-03-14,Incline Dumbbell Press,push,reps,3,65,lbs,10,,
2026-03-14,Overhead Press,push,reps,1,110,lbs,6,,
2026-03-14,Overhead Press,push,reps,2,110,lbs,5,,
2026-03-14,Overhead Press,push,reps,3,110,lbs,4,,
2026-03-14,Lateral Raises,push,reps,1,35,lbs,15,,
2026-03-14,Lateral Raises,push,reps,2,35,lbs,14,,
2026-03-14,Lateral Raises,push,reps,3,35,lbs,13,,
2026-03-14,Dips,push,reps,1,,bodyweight,15,,
2026-03-14,Dips,push,reps,2,,bodyweight,14,,
2026-03-14,Dips,push,reps,3,,bodyweight,13,,
2026-03-14,Push Ups,push,reps,1,,bodyweight,27,,
2026-03-14,Push Ups,push,reps,2,,bodyweight,26,,
2026-03-14,Push Ups,push,reps,3,,bodyweight,25,,
2026-03-14,Tricep Pushdowns,push,reps,1,75,lbs,15,,
2026-03-14,Tricep Pushdowns,push,reps,2,75,lbs,14,,
2026-03-14,Tricep Pushdowns,push,reps,3,75,lbs,13,,
__DAYSPLIT__,2026-03-15,Pull,,,,,,,
2026-03-15,Barbell Rows,pull,reps,1,210,lbs,7,,Mood:5|Form:Good form|General:Strong finish to the week
2026-03-15,Barbell Rows,pull,reps,2,210,lbs,6,,
2026-03-15,Barbell Rows,pull,reps,3,210,lbs,5,,
2026-03-15,Lat Pulldowns,pull,reps,1,165,lbs,12,,
2026-03-15,Lat Pulldowns,pull,reps,2,165,lbs,11,,
2026-03-15,Lat Pulldowns,pull,reps,3,165,lbs,10,,
2026-03-15,Banded Pullups,pull,reps,1,,banded,16,,Red|Mood:5|Form:Smooth reps|General:Almost ready for unassisted
2026-03-15,Banded Pullups,pull,reps,2,,banded,15,,
2026-03-15,Banded Pullups,pull,reps,3,,banded,14,,
2026-03-15,Band Pull Aparts,pull,reps,1,,banded,27,,Red
2026-03-15,Band Pull Aparts,pull,reps,2,,banded,25,,
2026-03-15,Band Pull Aparts,pull,reps,3,,banded,23,,
2026-03-15,Dumbbell Curls,pull,reps,1,40,lbs,12,,
2026-03-15,Dumbbell Curls,pull,reps,2,40,lbs,11,,
2026-03-15,Dumbbell Curls,pull,reps,3,40,lbs,10,,
2026-03-15,Face Pulls,pull,reps,1,85,lbs,15,,
2026-03-15,Face Pulls,pull,reps,2,85,lbs,14,,
2026-03-15,Face Pulls,pull,reps,3,85,lbs,13,,
2026-03-15,Dead Hangs,pull,timed,1,,bodyweight,,70,
2026-03-15,Cold Plunge,other,timed,1,,,,120,Mood:5|General:Getting easier with practice
__DAYSPLIT__,2026-03-16,Push,,,,,,,
2026-03-16,Bench Press,push,reps,1,155,lbs,7,,Mood:4|Form:Keep chest up|General:Working weight feels light after that PR
2026-03-16,Bench Press,push,reps,2,155,lbs,6,,
2026-03-16,Bench Press,push,reps,3,155,lbs,5,,
2026-03-16,Incline Dumbbell Press,push,reps,1,65,lbs,12,,
2026-03-16,Incline Dumbbell Press,push,reps,2,65,lbs,11,,
2026-03-16,Incline Dumbbell Press,push,reps,3,65,lbs,10,,
2026-03-16,Overhead Press,push,reps,1,110,lbs,6,,
2026-03-16,Overhead Press,push,reps,2,110,lbs,5,,
2026-03-16,Overhead Press,push,reps,3,110,lbs,5,,
2026-03-16,Lateral Raises,push,reps,1,35,lbs,15,,
2026-03-16,Lateral Raises,push,reps,2,35,lbs,14,,
2026-03-16,Lateral Raises,push,reps,3,35,lbs,13,,
2026-03-16,Dips,push,reps,1,,bodyweight,15,,
2026-03-16,Dips,push,reps,2,,bodyweight,14,,
2026-03-16,Dips,push,reps,3,,bodyweight,13,,
2026-03-16,Push Ups,push,reps,1,,bodyweight,28,,
2026-03-16,Push Ups,push,reps,2,,bodyweight,27,,
2026-03-16,Push Ups,push,reps,3,,bodyweight,26,,
2026-03-16,Tricep Pushdowns,push,reps,1,75,lbs,15,,
2026-03-16,Tricep Pushdowns,push,reps,2,75,lbs,14,,
2026-03-16,Tricep Pushdowns,push,reps,3,75,lbs,13,,
__DAYSPLIT__,2026-03-17,Pull,,,,,,,
2026-03-17,Barbell Rows,pull,reps,1,210,lbs,7,,Mood:4|Form:Tight core|General:Riding high from the PR week
2026-03-17,Barbell Rows,pull,reps,2,210,lbs,6,,
2026-03-17,Barbell Rows,pull,reps,3,210,lbs,6,,
2026-03-17,Lat Pulldowns,pull,reps,1,165,lbs,12,,
2026-03-17,Lat Pulldowns,pull,reps,2,165,lbs,11,,
2026-03-17,Lat Pulldowns,pull,reps,3,165,lbs,10,,
2026-03-17,Banded Pullups,pull,reps,1,,banded,17,,Red|Mood:4|Form:Controlled negatives|General:These feel easy now
2026-03-17,Banded Pullups,pull,reps,2,,banded,16,,
2026-03-17,Banded Pullups,pull,reps,3,,banded,15,,
2026-03-17,Band Pull Aparts,pull,reps,1,,banded,27,,Red
2026-03-17,Band Pull Aparts,pull,reps,2,,banded,25,,
2026-03-17,Band Pull Aparts,pull,reps,3,,banded,23,,
2026-03-17,Dumbbell Curls,pull,reps,1,40,lbs,12,,
2026-03-17,Dumbbell Curls,pull,reps,2,40,lbs,11,,
2026-03-17,Dumbbell Curls,pull,reps,3,40,lbs,10,,
2026-03-17,Face Pulls,pull,reps,1,85,lbs,15,,
2026-03-17,Face Pulls,pull,reps,2,85,lbs,14,,
2026-03-17,Face Pulls,pull,reps,3,85,lbs,13,,
2026-03-17,Dead Hangs,pull,timed,1,,bodyweight,,72,
__DAYSPLIT__,2026-03-18,Legs,,,,,,,
2026-03-18,Squat,legs,reps,1,215,lbs,8,,Mood:3|Form:Depth good|General:Grinding through legs
2026-03-18,Squat,legs,reps,2,215,lbs,7,,
2026-03-18,Squat,legs,reps,3,215,lbs,6,,
2026-03-18,Romanian Deadlift,legs,reps,1,205,lbs,7,,
2026-03-18,Romanian Deadlift,legs,reps,2,205,lbs,6,,
2026-03-18,Romanian Deadlift,legs,reps,3,205,lbs,6,,
2026-03-18,Leg Press,legs,reps,1,430,lbs,13,,
2026-03-18,Leg Press,legs,reps,2,430,lbs,12,,
2026-03-18,Leg Press,legs,reps,3,430,lbs,11,,
2026-03-18,Leg Curls,legs,reps,1,135,lbs,13,,
2026-03-18,Leg Curls,legs,reps,2,135,lbs,12,,
2026-03-18,Leg Curls,legs,reps,3,135,lbs,11,,
2026-03-18,Walking Lunges,legs,reps,1,40,lbs,13,,
2026-03-18,Walking Lunges,legs,reps,2,40,lbs,12,,
2026-03-18,Walking Lunges,legs,reps,3,40,lbs,11,,
2026-03-18,Calf Raises,legs,reps,1,275,lbs,16,,
2026-03-18,Calf Raises,legs,reps,2,275,lbs,15,,
2026-03-18,Calf Raises,legs,reps,3,275,lbs,14,,
__DAYSPLIT__,2026-03-19,Other,,,,,,,
2026-03-19,Sauna,other,timed,1,,,,900,Mood:4|General:Post-legs recovery
2026-03-19,Stretching (General),mobility,timed,1,,,,600,
2026-03-19,Hip Flexor Stretches,mobility,timed,1,,,,180,
__DAYSPLIT__,2026-03-20,Push,,,,,,,
2026-03-20,Bench Press,push,reps,1,155,lbs,7,,Mood:4|Form:Good arch|General:Physio follow-up today. Shoulder much better. Cleared for heavier OHP.
2026-03-20,Bench Press,push,reps,2,155,lbs,6,,
2026-03-20,Bench Press,push,reps,3,155,lbs,6,,
2026-03-20,Incline Dumbbell Press,push,reps,1,65,lbs,12,,
2026-03-20,Incline Dumbbell Press,push,reps,2,65,lbs,11,,
2026-03-20,Incline Dumbbell Press,push,reps,3,65,lbs,10,,
2026-03-20,Overhead Press,push,reps,1,110,lbs,6,,
2026-03-20,Overhead Press,push,reps,2,110,lbs,5,,
2026-03-20,Overhead Press,push,reps,3,110,lbs,5,,
2026-03-20,Lateral Raises,push,reps,1,35,lbs,15,,
2026-03-20,Lateral Raises,push,reps,2,35,lbs,14,,
2026-03-20,Lateral Raises,push,reps,3,35,lbs,13,,
2026-03-20,Dips,push,reps,1,,bodyweight,16,,
2026-03-20,Dips,push,reps,2,,bodyweight,15,,
2026-03-20,Dips,push,reps,3,,bodyweight,14,,
2026-03-20,Push Ups,push,reps,1,,bodyweight,28,,
2026-03-20,Push Ups,push,reps,2,,bodyweight,27,,
2026-03-20,Push Ups,push,reps,3,,bodyweight,26,,
2026-03-20,Tricep Pushdowns,push,reps,1,75,lbs,15,,
2026-03-20,Tricep Pushdowns,push,reps,2,75,lbs,14,,
2026-03-20,Tricep Pushdowns,push,reps,3,75,lbs,13,,
__DAYSPLIT__,2026-03-21,Pull,,,,,,,
2026-03-21,Barbell Rows,pull,reps,1,210,lbs,8,,Mood:4|Form:Squeeze at top
2026-03-21,Barbell Rows,pull,reps,2,210,lbs,7,,
2026-03-21,Barbell Rows,pull,reps,3,210,lbs,6,,
2026-03-21,Lat Pulldowns,pull,reps,1,165,lbs,12,,
2026-03-21,Lat Pulldowns,pull,reps,2,165,lbs,11,,
2026-03-21,Lat Pulldowns,pull,reps,3,165,lbs,10,,
2026-03-21,Banded Pullups,pull,reps,1,,banded,17,,Red|Mood:4|Form:Smooth
2026-03-21,Banded Pullups,pull,reps,2,,banded,16,,
2026-03-21,Banded Pullups,pull,reps,3,,banded,15,,
2026-03-21,Band Pull Aparts,pull,reps,1,,banded,28,,Red
2026-03-21,Band Pull Aparts,pull,reps,2,,banded,26,,
2026-03-21,Band Pull Aparts,pull,reps,3,,banded,24,,
2026-03-21,Dumbbell Curls,pull,reps,1,40,lbs,12,,
2026-03-21,Dumbbell Curls,pull,reps,2,40,lbs,11,,
2026-03-21,Dumbbell Curls,pull,reps,3,40,lbs,10,,
2026-03-21,Face Pulls,pull,reps,1,85,lbs,15,,
2026-03-21,Face Pulls,pull,reps,2,85,lbs,14,,
2026-03-21,Face Pulls,pull,reps,3,85,lbs,13,,
2026-03-21,Dead Hangs,pull,timed,1,,bodyweight,,73,
__DAYSPLIT__,2026-03-22,Cardio,,,,,,,
2026-03-22,Treadmill Run,cardio,timed,1,,,,1800,Mood:4|General:30 minute run! New distance record. Spring weather helping.
__DAYSPLIT__,2026-03-23,Push,,,,,,,
2026-03-23,Bench Press,push,reps,1,155,lbs,7,,Mood:4|Form:Solid
2026-03-23,Bench Press,push,reps,2,155,lbs,7,,
2026-03-23,Bench Press,push,reps,3,155,lbs,6,,
2026-03-23,Incline Dumbbell Press,push,reps,1,65,lbs,12,,
2026-03-23,Incline Dumbbell Press,push,reps,2,65,lbs,11,,
2026-03-23,Incline Dumbbell Press,push,reps,3,65,lbs,10,,
2026-03-23,Overhead Press,push,reps,1,110,lbs,6,,General:Shoulder felt great. Physio clearance paying off.
2026-03-23,Overhead Press,push,reps,2,110,lbs,6,,
2026-03-23,Overhead Press,push,reps,3,110,lbs,5,,
2026-03-23,Lateral Raises,push,reps,1,35,lbs,15,,
2026-03-23,Lateral Raises,push,reps,2,35,lbs,14,,
2026-03-23,Lateral Raises,push,reps,3,35,lbs,14,,
2026-03-23,Dips,push,reps,1,,bodyweight,16,,
2026-03-23,Dips,push,reps,2,,bodyweight,15,,
2026-03-23,Dips,push,reps,3,,bodyweight,14,,
2026-03-23,Push Ups,push,reps,1,,bodyweight,29,,
2026-03-23,Push Ups,push,reps,2,,bodyweight,28,,
2026-03-23,Push Ups,push,reps,3,,bodyweight,27,,
2026-03-23,Tricep Pushdowns,push,reps,1,75,lbs,15,,
2026-03-23,Tricep Pushdowns,push,reps,2,75,lbs,14,,
2026-03-23,Tricep Pushdowns,push,reps,3,75,lbs,14,,
__DAYSPLIT__,2026-03-24,Pull,,,,,,,
2026-03-24,Barbell Rows,pull,reps,1,215,lbs,8,,Mood:4|Form:Strong pulls
2026-03-24,Barbell Rows,pull,reps,2,215,lbs,7,,
2026-03-24,Barbell Rows,pull,reps,3,215,lbs,6,,
2026-03-24,Lat Pulldowns,pull,reps,1,165,lbs,12,,
2026-03-24,Lat Pulldowns,pull,reps,2,165,lbs,12,,
2026-03-24,Lat Pulldowns,pull,reps,3,165,lbs,11,,
2026-03-24,Pullups,pull,reps,1,,bodyweight,0,,Mood:3|General:Tried one without the band. Got halfway up and stalled. Not there yet but closer than expected.
2026-03-24,Banded Pullups,pull,reps,1,,banded,17,,Red|Mood:4|Form:These feel too easy now
2026-03-24,Banded Pullups,pull,reps,2,,banded,16,,
2026-03-24,Banded Pullups,pull,reps,3,,banded,15,,
2026-03-24,Band Pull Aparts,pull,reps,1,,banded,28,,Red
2026-03-24,Band Pull Aparts,pull,reps,2,,banded,26,,
2026-03-24,Band Pull Aparts,pull,reps,3,,banded,24,,
2026-03-24,Dumbbell Curls,pull,reps,1,40,lbs,12,,
2026-03-24,Dumbbell Curls,pull,reps,2,40,lbs,12,,
2026-03-24,Dumbbell Curls,pull,reps,3,40,lbs,11,,
2026-03-24,Face Pulls,pull,reps,1,85,lbs,16,,
2026-03-24,Face Pulls,pull,reps,2,85,lbs,15,,
2026-03-24,Face Pulls,pull,reps,3,85,lbs,14,,
2026-03-24,Dead Hangs,pull,timed,1,,bodyweight,,74,
__DAYSPLIT__,2026-03-25,Other,,,,,,,
2026-03-25,Stretching (General),mobility,timed,1,,,,900,Mood:3|General:Physio homework day. Full mobility routine.
2026-03-25,Hip Flexor Stretches,mobility,timed,1,,,,300,
2026-03-25,Pigeon Stretch,mobility,timed,1,,,,300,
2026-03-25,Thoracic Spine Rotation,mobility,timed,1,,,,300,
2026-03-25,Foam Rolling,other,timed,1,,,,600,
__DAYSPLIT__,2026-03-27,Push,,,,,,,
2026-03-27,Bench Press,push,reps,1,160,lbs,8,,Mood:4|Form:Drive through heels|General:Bench moving well
2026-03-27,Bench Press,push,reps,2,160,lbs,7,,
2026-03-27,Bench Press,push,reps,3,160,lbs,6,,
2026-03-27,Incline Dumbbell Press,push,reps,1,65,lbs,12,,
2026-03-27,Incline Dumbbell Press,push,reps,2,65,lbs,11,,
2026-03-27,Incline Dumbbell Press,push,reps,3,65,lbs,11,,
2026-03-27,Overhead Press,push,reps,1,110,lbs,6,,
2026-03-27,Overhead Press,push,reps,2,110,lbs,6,,
2026-03-27,Overhead Press,push,reps,3,110,lbs,5,,
2026-03-27,Lateral Raises,push,reps,1,35,lbs,15,,
2026-03-27,Lateral Raises,push,reps,2,35,lbs,15,,
2026-03-27,Lateral Raises,push,reps,3,35,lbs,14,,
2026-03-27,Dips,push,reps,1,,bodyweight,17,,
2026-03-27,Dips,push,reps,2,,bodyweight,16,,
2026-03-27,Dips,push,reps,3,,bodyweight,15,,
2026-03-27,Push Ups,push,reps,1,,bodyweight,29,,
2026-03-27,Push Ups,push,reps,2,,bodyweight,28,,
2026-03-27,Push Ups,push,reps,3,,bodyweight,27,,
2026-03-27,Tricep Pushdowns,push,reps,1,75,lbs,15,,
2026-03-27,Tricep Pushdowns,push,reps,2,75,lbs,15,,
2026-03-27,Tricep Pushdowns,push,reps,3,75,lbs,14,,
2026-03-27,Sauna,other,timed,1,,,,900,Mood:4|General:Recovery sauna
__DAYSPLIT__,2026-03-28,Pull,,,,,,,
2026-03-28,Barbell Rows,pull,reps,1,215,lbs,8,,Mood:4|Form:Tight lats
2026-03-28,Barbell Rows,pull,reps,2,215,lbs,7,,
2026-03-28,Barbell Rows,pull,reps,3,215,lbs,6,,
2026-03-28,Lat Pulldowns,pull,reps,1,165,lbs,12,,
2026-03-28,Lat Pulldowns,pull,reps,2,165,lbs,12,,
2026-03-28,Lat Pulldowns,pull,reps,3,165,lbs,11,,
2026-03-28,Banded Pullups,pull,reps,1,,banded,18,,Red|Mood:4|Form:Top of movement easy now|General:Red band basically doing nothing at the top
2026-03-28,Banded Pullups,pull,reps,2,,banded,17,,
2026-03-28,Banded Pullups,pull,reps,3,,banded,16,,
2026-03-28,Band Pull Aparts,pull,reps,1,,banded,29,,Red
2026-03-28,Band Pull Aparts,pull,reps,2,,banded,27,,
2026-03-28,Band Pull Aparts,pull,reps,3,,banded,25,,
2026-03-28,Dumbbell Curls,pull,reps,1,40,lbs,13,,
2026-03-28,Dumbbell Curls,pull,reps,2,40,lbs,12,,
2026-03-28,Dumbbell Curls,pull,reps,3,40,lbs,11,,
2026-03-28,Face Pulls,pull,reps,1,85,lbs,16,,
2026-03-28,Face Pulls,pull,reps,2,85,lbs,15,,
2026-03-28,Face Pulls,pull,reps,3,85,lbs,14,,
2026-03-28,Dead Hangs,pull,timed,1,,bodyweight,,75,
__DAYSPLIT__,2026-03-30,Push,,,,,,,
2026-03-30,Bench Press,push,reps,1,160,lbs,8,,Mood:5|Form:Great arch|General:Everything flowing
2026-03-30,Bench Press,push,reps,2,160,lbs,7,,
2026-03-30,Bench Press,push,reps,3,160,lbs,6,,
2026-03-30,Incline Dumbbell Press,push,reps,1,65,lbs,12,,
2026-03-30,Incline Dumbbell Press,push,reps,2,65,lbs,12,,
2026-03-30,Incline Dumbbell Press,push,reps,3,65,lbs,11,,
2026-03-30,Overhead Press,push,reps,1,110,lbs,7,,General:OHP rep PR! 7 reps at 110.
2026-03-30,Overhead Press,push,reps,2,110,lbs,6,,
2026-03-30,Overhead Press,push,reps,3,110,lbs,5,,
2026-03-30,Lateral Raises,push,reps,1,35,lbs,16,,
2026-03-30,Lateral Raises,push,reps,2,35,lbs,15,,
2026-03-30,Lateral Raises,push,reps,3,35,lbs,14,,
2026-03-30,Dips,push,reps,1,,bodyweight,17,,
2026-03-30,Dips,push,reps,2,,bodyweight,16,,
2026-03-30,Dips,push,reps,3,,bodyweight,15,,
2026-03-30,Push Ups,push,reps,1,,bodyweight,30,,
2026-03-30,Push Ups,push,reps,2,,bodyweight,29,,
2026-03-30,Push Ups,push,reps,3,,bodyweight,28,,
2026-03-30,Tricep Pushdowns,push,reps,1,75,lbs,16,,
2026-03-30,Tricep Pushdowns,push,reps,2,75,lbs,15,,
2026-03-30,Tricep Pushdowns,push,reps,3,75,lbs,14,,
__DAYSPLIT__,2026-03-31,Pull,,,,,,,
2026-03-31,Barbell Rows,pull,reps,1,215,lbs,8,,Mood:4|Form:Controlled
2026-03-31,Barbell Rows,pull,reps,2,215,lbs,7,,
2026-03-31,Barbell Rows,pull,reps,3,215,lbs,6,,
2026-03-31,Lat Pulldowns,pull,reps,1,170,lbs,13,,
2026-03-31,Lat Pulldowns,pull,reps,2,170,lbs,12,,
2026-03-31,Lat Pulldowns,pull,reps,3,170,lbs,11,,
2026-03-31,Pullups,pull,reps,1,,bodyweight,0,,Mood:4|General:Tried unassisted again. Chin got to bar height but couldnt hold it. SO CLOSE. Maybe next week.
2026-03-31,Banded Pullups,pull,reps,1,,banded,18,,Red|Mood:4|Form:Explosive
2026-03-31,Banded Pullups,pull,reps,2,,banded,17,,
2026-03-31,Banded Pullups,pull,reps,3,,banded,16,,
2026-03-31,Band Pull Aparts,pull,reps,1,,banded,30,,Red
2026-03-31,Band Pull Aparts,pull,reps,2,,banded,28,,
2026-03-31,Band Pull Aparts,pull,reps,3,,banded,26,,
2026-03-31,Dumbbell Curls,pull,reps,1,40,lbs,13,,
2026-03-31,Dumbbell Curls,pull,reps,2,40,lbs,12,,
2026-03-31,Dumbbell Curls,pull,reps,3,40,lbs,11,,
2026-03-31,Face Pulls,pull,reps,1,85,lbs,16,,
2026-03-31,Face Pulls,pull,reps,2,85,lbs,15,,
2026-03-31,Face Pulls,pull,reps,3,85,lbs,14,,
2026-03-31,Dead Hangs,pull,timed,1,,bodyweight,,76,
__DAYSPLIT__,2026-04-01,Legs,,,,,,,
2026-04-01,Squat,legs,reps,1,215,lbs,8,,Mood:3|Form:Knees tracking well|General:April already. Nearly six months since I started.
2026-04-01,Squat,legs,reps,2,215,lbs,7,,
2026-04-01,Squat,legs,reps,3,215,lbs,7,,
2026-04-01,Romanian Deadlift,legs,reps,1,205,lbs,8,,
2026-04-01,Romanian Deadlift,legs,reps,2,205,lbs,7,,
2026-04-01,Romanian Deadlift,legs,reps,3,205,lbs,6,,
2026-04-01,Leg Press,legs,reps,1,435,lbs,14,,
2026-04-01,Leg Press,legs,reps,2,435,lbs,13,,
2026-04-01,Leg Press,legs,reps,3,435,lbs,12,,
2026-04-01,Leg Curls,legs,reps,1,135,lbs,13,,
2026-04-01,Leg Curls,legs,reps,2,135,lbs,12,,
2026-04-01,Leg Curls,legs,reps,3,135,lbs,12,,
2026-04-01,Walking Lunges,legs,reps,1,45,lbs,14,,
2026-04-01,Walking Lunges,legs,reps,2,45,lbs,13,,
2026-04-01,Walking Lunges,legs,reps,3,45,lbs,12,,
2026-04-01,Calf Raises,legs,reps,1,280,lbs,17,,
2026-04-01,Calf Raises,legs,reps,2,280,lbs,16,,
2026-04-01,Calf Raises,legs,reps,3,280,lbs,15,,
2026-04-01,Plank,core,timed,1,,bodyweight,,80,General:Core work. Still hate planks.
2026-04-01,Cable Woodchops,core,reps,1,45,lbs,12,,
2026-04-01,Cable Woodchops,core,reps,2,45,lbs,12,,
2026-04-01,Cable Woodchops,core,reps,3,45,lbs,11,,
__DAYSPLIT__,2026-04-02,Other,,,,,,,
2026-04-02,Foam Rolling,other,timed,1,,,,600,Mood:3|General:Active recovery
2026-04-02,Cold Plunge,other,timed,1,,,,150,General:Getting more comfortable with these
__DAYSPLIT__,2026-04-03,Push,,,,,,,
2026-04-03,Bench Press,push,reps,1,160,lbs,8,,Mood:4|Form:Controlled eccentric|General:Working weight keeps climbing
2026-04-03,Bench Press,push,reps,2,160,lbs,7,,
2026-04-03,Bench Press,push,reps,3,160,lbs,7,,
2026-04-03,Incline Dumbbell Press,push,reps,1,65,lbs,13,,
2026-04-03,Incline Dumbbell Press,push,reps,2,65,lbs,12,,
2026-04-03,Incline Dumbbell Press,push,reps,3,65,lbs,11,,
2026-04-03,Overhead Press,push,reps,1,110,lbs,7,,
2026-04-03,Overhead Press,push,reps,2,110,lbs,6,,
2026-04-03,Overhead Press,push,reps,3,110,lbs,5,,
2026-04-03,Lateral Raises,push,reps,1,35,lbs,16,,
2026-04-03,Lateral Raises,push,reps,2,35,lbs,15,,
2026-04-03,Lateral Raises,push,reps,3,35,lbs,14,,
2026-04-03,Dips,push,reps,1,,bodyweight,17,,
2026-04-03,Dips,push,reps,2,,bodyweight,16,,
2026-04-03,Dips,push,reps,3,,bodyweight,16,,
2026-04-03,Push Ups,push,reps,1,,bodyweight,30,,
2026-04-03,Push Ups,push,reps,2,,bodyweight,29,,
2026-04-03,Push Ups,push,reps,3,,bodyweight,28,,
2026-04-03,Tricep Pushdowns,push,reps,1,75,lbs,16,,
2026-04-03,Tricep Pushdowns,push,reps,2,75,lbs,15,,
2026-04-03,Tricep Pushdowns,push,reps,3,75,lbs,14,,
__DAYSPLIT__,2026-04-04,Pull,,,,,,,
2026-04-04,Barbell Rows,pull,reps,1,215,lbs,8,,Mood:4|Form:Perfect form day
2026-04-04,Barbell Rows,pull,reps,2,215,lbs,7,,
2026-04-04,Barbell Rows,pull,reps,3,215,lbs,7,,
2026-04-04,Lat Pulldowns,pull,reps,1,170,lbs,13,,
2026-04-04,Lat Pulldowns,pull,reps,2,170,lbs,12,,
2026-04-04,Lat Pulldowns,pull,reps,3,170,lbs,11,,
2026-04-04,Banded Pullups,pull,reps,1,,banded,19,,Red|Mood:5|Form:Explosive reps|General:19 reps on set 1. The band is barely helping. Tuesday I try again.
2026-04-04,Banded Pullups,pull,reps,2,,banded,18,,
2026-04-04,Banded Pullups,pull,reps,3,,banded,17,,
2026-04-04,Band Pull Aparts,pull,reps,1,,banded,30,,Red
2026-04-04,Band Pull Aparts,pull,reps,2,,banded,28,,
2026-04-04,Band Pull Aparts,pull,reps,3,,banded,26,,
2026-04-04,Dumbbell Curls,pull,reps,1,40,lbs,13,,
2026-04-04,Dumbbell Curls,pull,reps,2,40,lbs,12,,
2026-04-04,Dumbbell Curls,pull,reps,3,40,lbs,11,,
2026-04-04,Face Pulls,pull,reps,1,85,lbs,16,,
2026-04-04,Face Pulls,pull,reps,2,85,lbs,16,,
2026-04-04,Face Pulls,pull,reps,3,85,lbs,15,,
2026-04-04,Dead Hangs,pull,timed,1,,bodyweight,,78,
__DAYSPLIT__,2026-04-05,Cardio,,,,,,,
2026-04-05,Treadmill Run,cardio,timed,1,,,,2100,Mood:4|General:35 min outdoor jog. Longest continuous run. 5K might actually happen this summer.
__DAYSPLIT__,2026-04-06,Push,,,,,,,
2026-04-06,Bench Press,push,reps,1,160,lbs,8,,Mood:5|Form:Explosive|General:Feeling strong. Tomorrow is pullup day.
2026-04-06,Bench Press,push,reps,2,160,lbs,7,,
2026-04-06,Bench Press,push,reps,3,160,lbs,7,,
2026-04-06,Incline Dumbbell Press,push,reps,1,65,lbs,13,,
2026-04-06,Incline Dumbbell Press,push,reps,2,65,lbs,12,,
2026-04-06,Incline Dumbbell Press,push,reps,3,65,lbs,11,,
2026-04-06,Overhead Press,push,reps,1,115,lbs,7,,
2026-04-06,Overhead Press,push,reps,2,115,lbs,6,,
2026-04-06,Overhead Press,push,reps,3,115,lbs,6,,
2026-04-06,Lateral Raises,push,reps,1,35,lbs,16,,
2026-04-06,Lateral Raises,push,reps,2,35,lbs,15,,
2026-04-06,Lateral Raises,push,reps,3,35,lbs,15,,
2026-04-06,Dips,push,reps,1,,bodyweight,18,,
2026-04-06,Dips,push,reps,2,,bodyweight,17,,
2026-04-06,Dips,push,reps,3,,bodyweight,16,,
2026-04-06,Push Ups,push,reps,1,,bodyweight,31,,
2026-04-06,Push Ups,push,reps,2,,bodyweight,30,,
2026-04-06,Push Ups,push,reps,3,,bodyweight,29,,
2026-04-06,Tricep Pushdowns,push,reps,1,75,lbs,16,,
2026-04-06,Tricep Pushdowns,push,reps,2,75,lbs,15,,
2026-04-06,Tricep Pushdowns,push,reps,3,75,lbs,15,,
__DAYSPLIT__,2026-04-07,Pull,,,,,,,
2026-04-07,Barbell Rows,pull,reps,1,215,lbs,8,,Mood:5|Form:Tight everything|General:Warmed up extra today. Nervous energy.
2026-04-07,Barbell Rows,pull,reps,2,215,lbs,8,,
2026-04-07,Barbell Rows,pull,reps,3,215,lbs,7,,
2026-04-07,Lat Pulldowns,pull,reps,1,170,lbs,13,,
2026-04-07,Lat Pulldowns,pull,reps,2,170,lbs,12,,
2026-04-07,Lat Pulldowns,pull,reps,3,170,lbs,12,,
2026-04-07,Pullups,pull,reps,1,,bodyweight,1,,Mood:5|General:ONE CLEAN REP. Chin over the bar. No kipping. No band. Nearly six months since I started. Stood there staring at the bar for a full minute after.
2026-04-07,Banded Pullups,pull,reps,1,,banded,19,,Red|Mood:5|Form:Flying|General:Everything feels different after that rep
2026-04-07,Banded Pullups,pull,reps,2,,banded,18,,
2026-04-07,Banded Pullups,pull,reps,3,,banded,17,,
2026-04-07,Band Pull Aparts,pull,reps,1,,banded,30,,Red
2026-04-07,Band Pull Aparts,pull,reps,2,,banded,28,,
2026-04-07,Band Pull Aparts,pull,reps,3,,banded,27,,
2026-04-07,Dumbbell Curls,pull,reps,1,40,lbs,13,,
2026-04-07,Dumbbell Curls,pull,reps,2,40,lbs,13,,
2026-04-07,Dumbbell Curls,pull,reps,3,40,lbs,12,,
2026-04-07,Face Pulls,pull,reps,1,85,lbs,17,,
2026-04-07,Face Pulls,pull,reps,2,85,lbs,16,,
2026-04-07,Face Pulls,pull,reps,3,85,lbs,15,,
2026-04-07,Dead Hangs,pull,timed,1,,bodyweight,,80,General:Longest hang ever. Everything clicking.
__DAYSPLIT__,2026-04-08,Other,,,,,,,
2026-04-08,Sauna,other,timed,1,,,,900,Mood:5|General:Celebratory sauna. Still buzzing from yesterday.
2026-04-08,Cold Plunge,other,timed,1,,,,180,General:3 minutes. New record.
2026-04-08,Stretching (General),mobility,timed,1,,,,600,
__DAYSPLIT__,2026-04-10,Push,,,,,,,
2026-04-10,Bench Press,push,reps,1,160,lbs,8,,Mood:5|Form:Perfect|General:Confidence is through the roof since the pullup
2026-04-10,Bench Press,push,reps,2,160,lbs,8,,
2026-04-10,Bench Press,push,reps,3,160,lbs,7,,
2026-04-10,Incline Dumbbell Press,push,reps,1,65,lbs,13,,
2026-04-10,Incline Dumbbell Press,push,reps,2,65,lbs,12,,
2026-04-10,Incline Dumbbell Press,push,reps,3,65,lbs,12,,
2026-04-10,Overhead Press,push,reps,1,115,lbs,7,,
2026-04-10,Overhead Press,push,reps,2,115,lbs,6,,
2026-04-10,Overhead Press,push,reps,3,115,lbs,6,,
2026-04-10,Lateral Raises,push,reps,1,35,lbs,16,,
2026-04-10,Lateral Raises,push,reps,2,35,lbs,16,,
2026-04-10,Lateral Raises,push,reps,3,35,lbs,15,,
2026-04-10,Dips,push,reps,1,,bodyweight,18,,
2026-04-10,Dips,push,reps,2,,bodyweight,17,,
2026-04-10,Dips,push,reps,3,,bodyweight,17,,
2026-04-10,Push Ups,push,reps,1,,bodyweight,31,,
2026-04-10,Push Ups,push,reps,2,,bodyweight,30,,
2026-04-10,Push Ups,push,reps,3,,bodyweight,29,,
2026-04-10,Tricep Pushdowns,push,reps,1,75,lbs,16,,
2026-04-10,Tricep Pushdowns,push,reps,2,75,lbs,16,,
2026-04-10,Tricep Pushdowns,push,reps,3,75,lbs,15,,
2026-04-10,Sauna,other,timed,1,,,,900,General:Recovery sauna
__DAYSPLIT__,2026-04-11,Pull,,,,,,,
2026-04-11,Barbell Rows,pull,reps,1,215,lbs,8,,Mood:4|Form:Solid
2026-04-11,Barbell Rows,pull,reps,2,215,lbs,8,,
2026-04-11,Barbell Rows,pull,reps,3,215,lbs,7,,
2026-04-11,Lat Pulldowns,pull,reps,1,170,lbs,13,,
2026-04-11,Lat Pulldowns,pull,reps,2,170,lbs,13,,
2026-04-11,Lat Pulldowns,pull,reps,3,170,lbs,12,,
2026-04-11,Pullups,pull,reps,1,,bodyweight,1,,Mood:4|General:One clean again. Tried for two and got stuck at the top of rep two. Progress.
2026-04-11,Banded Pullups,pull,reps,1,,banded,20,,Red|Form:Easy|General:Red band is basically a formality now
2026-04-11,Banded Pullups,pull,reps,2,,banded,19,,
2026-04-11,Banded Pullups,pull,reps,3,,banded,18,,
2026-04-11,Band Pull Aparts,pull,reps,1,,banded,31,,Red
2026-04-11,Band Pull Aparts,pull,reps,2,,banded,29,,
2026-04-11,Band Pull Aparts,pull,reps,3,,banded,27,,
2026-04-11,Dumbbell Curls,pull,reps,1,40,lbs,14,,
2026-04-11,Dumbbell Curls,pull,reps,2,40,lbs,13,,
2026-04-11,Dumbbell Curls,pull,reps,3,40,lbs,12,,
2026-04-11,Face Pulls,pull,reps,1,85,lbs,17,,
2026-04-11,Face Pulls,pull,reps,2,85,lbs,16,,
2026-04-11,Face Pulls,pull,reps,3,85,lbs,15,,
2026-04-11,Dead Hangs,pull,timed,1,,bodyweight,,80,
__DAYSPLIT__,2026-04-13,Push,,,,,,,
2026-04-13,Bench Press,push,reps,1,165,lbs,8,,Mood:4|Form:Good arch|General:Monday grind
2026-04-13,Bench Press,push,reps,2,165,lbs,8,,
2026-04-13,Bench Press,push,reps,3,165,lbs,7,,
2026-04-13,Incline Dumbbell Press,push,reps,1,65,lbs,13,,
2026-04-13,Incline Dumbbell Press,push,reps,2,65,lbs,13,,
2026-04-13,Incline Dumbbell Press,push,reps,3,65,lbs,12,,
2026-04-13,Overhead Press,push,reps,1,115,lbs,7,,General:OHP feeling better than ever since physio clearance
2026-04-13,Overhead Press,push,reps,2,115,lbs,7,,
2026-04-13,Overhead Press,push,reps,3,115,lbs,6,,
2026-04-13,Lateral Raises,push,reps,1,35,lbs,17,,
2026-04-13,Lateral Raises,push,reps,2,35,lbs,16,,
2026-04-13,Lateral Raises,push,reps,3,35,lbs,15,,
2026-04-13,Dips,push,reps,1,,bodyweight,19,,
2026-04-13,Dips,push,reps,2,,bodyweight,18,,
2026-04-13,Dips,push,reps,3,,bodyweight,17,,
2026-04-13,Push Ups,push,reps,1,,bodyweight,32,,
2026-04-13,Push Ups,push,reps,2,,bodyweight,31,,
2026-04-13,Push Ups,push,reps,3,,bodyweight,30,,
2026-04-13,Tricep Pushdowns,push,reps,1,80,lbs,17,,
2026-04-13,Tricep Pushdowns,push,reps,2,80,lbs,16,,
2026-04-13,Tricep Pushdowns,push,reps,3,80,lbs,15,,
__DAYSPLIT__,2026-04-14,Pull,,,,,,,
2026-04-14,Barbell Rows,pull,reps,1,220,lbs,9,,Mood:5|Form:Strong
2026-04-14,Barbell Rows,pull,reps,2,220,lbs,8,,
2026-04-14,Barbell Rows,pull,reps,3,220,lbs,7,,
2026-04-14,Lat Pulldowns,pull,reps,1,170,lbs,14,,
2026-04-14,Lat Pulldowns,pull,reps,2,170,lbs,13,,
2026-04-14,Lat Pulldowns,pull,reps,3,170,lbs,12,,
2026-04-14,Pullups,pull,reps,1,,bodyweight,2,,Mood:5|General:TWO clean reps on set one! One on set two. This is real now.
2026-04-14,Pullups,pull,reps,2,,bodyweight,1,,
2026-04-14,Banded Pullups,pull,reps,1,,banded,20,,Red|General:Volume work after unassisted
2026-04-14,Banded Pullups,pull,reps,2,,banded,19,,
2026-04-14,Banded Pullups,pull,reps,3,,banded,18,,
2026-04-14,Band Pull Aparts,pull,reps,1,,banded,31,,Red
2026-04-14,Band Pull Aparts,pull,reps,2,,banded,29,,
2026-04-14,Band Pull Aparts,pull,reps,3,,banded,27,,
2026-04-14,Dumbbell Curls,pull,reps,1,40,lbs,14,,
2026-04-14,Dumbbell Curls,pull,reps,2,40,lbs,13,,
2026-04-14,Dumbbell Curls,pull,reps,3,40,lbs,12,,
2026-04-14,Face Pulls,pull,reps,1,90,lbs,17,,
2026-04-14,Face Pulls,pull,reps,2,90,lbs,16,,
2026-04-14,Face Pulls,pull,reps,3,90,lbs,16,,
2026-04-14,Dead Hangs,pull,timed,1,,bodyweight,,82,
__DAYSPLIT__,2026-04-15,Legs,,,,,,,
2026-04-15,Squat,legs,reps,1,220,lbs,8,,Mood:4|Form:Solid depth|General:Legs are catching up
2026-04-15,Squat,legs,reps,2,220,lbs,8,,
2026-04-15,Squat,legs,reps,3,220,lbs,7,,
2026-04-15,Romanian Deadlift,legs,reps,1,210,lbs,8,,
2026-04-15,Romanian Deadlift,legs,reps,2,210,lbs,7,,
2026-04-15,Romanian Deadlift,legs,reps,3,210,lbs,7,,
2026-04-15,Leg Press,legs,reps,1,440,lbs,14,,
2026-04-15,Leg Press,legs,reps,2,440,lbs,13,,
2026-04-15,Leg Press,legs,reps,3,440,lbs,13,,
2026-04-15,Leg Curls,legs,reps,1,135,lbs,14,,
2026-04-15,Leg Curls,legs,reps,2,135,lbs,13,,
2026-04-15,Leg Curls,legs,reps,3,135,lbs,12,,
2026-04-15,Walking Lunges,legs,reps,1,45,lbs,14,,
2026-04-15,Walking Lunges,legs,reps,2,45,lbs,13,,
2026-04-15,Walking Lunges,legs,reps,3,45,lbs,12,,
2026-04-15,Calf Raises,legs,reps,1,280,lbs,17,,
2026-04-15,Calf Raises,legs,reps,2,280,lbs,16,,
2026-04-15,Calf Raises,legs,reps,3,280,lbs,15,,
__DAYSPLIT__,2026-04-16,Other,,,,,,,
2026-04-16,Stretching (General),mobility,timed,1,,,,900,Mood:3|General:Rest day mobility
2026-04-16,Hip Flexor Stretches,mobility,timed,1,,,,300,
2026-04-16,Thoracic Spine Rotation,mobility,timed,1,,,,300,
__DAYSPLIT__,2026-04-17,Push,,,,,,,
2026-04-17,Bench Press,push,reps,1,165,lbs,9,,Mood:4|Form:Controlled|General:Working weight creeping up
2026-04-17,Bench Press,push,reps,2,165,lbs,8,,
2026-04-17,Bench Press,push,reps,3,165,lbs,7,,
2026-04-17,Incline Dumbbell Press,push,reps,1,70,lbs,14,,
2026-04-17,Incline Dumbbell Press,push,reps,2,70,lbs,13,,
2026-04-17,Incline Dumbbell Press,push,reps,3,70,lbs,12,,
2026-04-17,Overhead Press,push,reps,1,115,lbs,7,,
2026-04-17,Overhead Press,push,reps,2,115,lbs,7,,
2026-04-17,Overhead Press,push,reps,3,115,lbs,6,,
2026-04-17,Lateral Raises,push,reps,1,35,lbs,17,,
2026-04-17,Lateral Raises,push,reps,2,35,lbs,16,,
2026-04-17,Lateral Raises,push,reps,3,35,lbs,15,,
2026-04-17,Dips,push,reps,1,,bodyweight,19,,
2026-04-17,Dips,push,reps,2,,bodyweight,18,,
2026-04-17,Dips,push,reps,3,,bodyweight,17,,
2026-04-17,Push Ups,push,reps,1,,bodyweight,32,,
2026-04-17,Push Ups,push,reps,2,,bodyweight,31,,
2026-04-17,Push Ups,push,reps,3,,bodyweight,30,,
2026-04-17,Tricep Pushdowns,push,reps,1,80,lbs,17,,
2026-04-17,Tricep Pushdowns,push,reps,2,80,lbs,16,,
2026-04-17,Tricep Pushdowns,push,reps,3,80,lbs,15,,
__DAYSPLIT__,2026-04-18,Pull,,,,,,,
2026-04-18,Barbell Rows,pull,reps,1,220,lbs,9,,Mood:4|Form:Tight core
2026-04-18,Barbell Rows,pull,reps,2,220,lbs,8,,
2026-04-18,Barbell Rows,pull,reps,3,220,lbs,7,,
2026-04-18,Lat Pulldowns,pull,reps,1,175,lbs,14,,
2026-04-18,Lat Pulldowns,pull,reps,2,175,lbs,13,,
2026-04-18,Lat Pulldowns,pull,reps,3,175,lbs,12,,
2026-04-18,Pullups,pull,reps,1,,bodyweight,2,,Mood:4|General:Two on set one AND two. Almost had three on set one.
2026-04-18,Pullups,pull,reps,2,,bodyweight,2,,
2026-04-18,Pullups,pull,reps,3,,bodyweight,1,,
2026-04-18,Banded Pullups,pull,reps,1,,banded,20,,Red|General:Banded volume still important
2026-04-18,Banded Pullups,pull,reps,2,,banded,19,,
2026-04-18,Banded Pullups,pull,reps,3,,banded,18,,
2026-04-18,Dumbbell Curls,pull,reps,1,40,lbs,14,,
2026-04-18,Dumbbell Curls,pull,reps,2,40,lbs,13,,
2026-04-18,Dumbbell Curls,pull,reps,3,40,lbs,12,,
2026-04-18,Face Pulls,pull,reps,1,90,lbs,17,,
2026-04-18,Face Pulls,pull,reps,2,90,lbs,17,,
2026-04-18,Face Pulls,pull,reps,3,90,lbs,16,,
2026-04-18,Dead Hangs,pull,timed,1,,bodyweight,,83,
__DAYSPLIT__,2026-04-19,Cardio,,,,,,,
2026-04-19,Treadmill Run,cardio,timed,1,,,,2400,Mood:5|General:40 minutes. Getting genuinely better at this.
__DAYSPLIT__,2026-04-20,Push,,,,,,,
2026-04-20,Bench Press,push,reps,1,175,lbs,5,,Mood:5|Form:Perfect setup|General:HIT 175! Five under bodyweight. Almost there.
2026-04-20,Bench Press,push,reps,2,175,lbs,4,,
2026-04-20,Bench Press,push,reps,3,175,lbs,3,,
2026-04-20,Incline Dumbbell Press,push,reps,1,70,lbs,14,,
2026-04-20,Incline Dumbbell Press,push,reps,2,70,lbs,13,,
2026-04-20,Incline Dumbbell Press,push,reps,3,70,lbs,12,,
2026-04-20,Overhead Press,push,reps,1,115,lbs,8,,
2026-04-20,Overhead Press,push,reps,2,115,lbs,7,,
2026-04-20,Overhead Press,push,reps,3,115,lbs,6,,
2026-04-20,Lateral Raises,push,reps,1,35,lbs,17,,
2026-04-20,Lateral Raises,push,reps,2,35,lbs,16,,
2026-04-20,Lateral Raises,push,reps,3,35,lbs,16,,
2026-04-20,Dips,push,reps,1,,bodyweight,19,,
2026-04-20,Dips,push,reps,2,,bodyweight,19,,
2026-04-20,Dips,push,reps,3,,bodyweight,18,,
2026-04-20,Push Ups,push,reps,1,,bodyweight,33,,
2026-04-20,Push Ups,push,reps,2,,bodyweight,32,,
2026-04-20,Push Ups,push,reps,3,,bodyweight,31,,
2026-04-20,Tricep Pushdowns,push,reps,1,80,lbs,17,,
2026-04-20,Tricep Pushdowns,push,reps,2,80,lbs,16,,
2026-04-20,Tricep Pushdowns,push,reps,3,80,lbs,16,,
2026-04-20,Sauna,other,timed,1,,,,900,General:Post-PR sauna
__DAYSPLIT__,2026-04-21,Pull,,,,,,,
2026-04-21,Barbell Rows,pull,reps,1,220,lbs,9,,Mood:5|Form:Strong|General:Best pull session in weeks
2026-04-21,Barbell Rows,pull,reps,2,220,lbs,8,,
2026-04-21,Barbell Rows,pull,reps,3,220,lbs,7,,
2026-04-21,Lat Pulldowns,pull,reps,1,175,lbs,14,,
2026-04-21,Lat Pulldowns,pull,reps,2,175,lbs,13,,
2026-04-21,Lat Pulldowns,pull,reps,3,175,lbs,13,,
2026-04-21,Pullups,pull,reps,1,,bodyweight,3,,Mood:5|General:THREE on set one. Two weeks ago I could barely do one. The strength was always there just needed to unlock it.
2026-04-21,Pullups,pull,reps,2,,bodyweight,2,,
2026-04-21,Pullups,pull,reps,3,,bodyweight,1,,
2026-04-21,Banded Pullups,pull,reps,1,,banded,20,,Red|General:Volume work
2026-04-21,Banded Pullups,pull,reps,2,,banded,20,,
2026-04-21,Banded Pullups,pull,reps,3,,banded,19,,
2026-04-21,Dumbbell Curls,pull,reps,1,40,lbs,14,,
2026-04-21,Dumbbell Curls,pull,reps,2,40,lbs,14,,
2026-04-21,Dumbbell Curls,pull,reps,3,40,lbs,13,,
2026-04-21,Face Pulls,pull,reps,1,90,lbs,18,,
2026-04-21,Face Pulls,pull,reps,2,90,lbs,17,,
2026-04-21,Face Pulls,pull,reps,3,90,lbs,16,,
2026-04-21,Dead Hangs,pull,timed,1,,bodyweight,,85,
__DAYSPLIT__,2026-04-22,Other,,,,,,,
2026-04-22,Sauna,other,timed,1,,,,900,Mood:4|General:Recovery day. Earned it.
2026-04-22,Cold Plunge,other,timed,1,,,,180,General:3 minutes. Routine now.
2026-04-22,Foam Rolling,other,timed,1,,,,600,
__DAYSPLIT__,2026-04-23,Legs,,,,,,,
2026-04-23,Squat,legs,reps,1,220,lbs,9,,Mood:4|Form:Deep and controlled|General:Squat over 100kg now. Wild.
2026-04-23,Squat,legs,reps,2,220,lbs,8,,
2026-04-23,Squat,legs,reps,3,220,lbs,7,,
2026-04-23,Romanian Deadlift,legs,reps,1,210,lbs,8,,
2026-04-23,Romanian Deadlift,legs,reps,2,210,lbs,8,,
2026-04-23,Romanian Deadlift,legs,reps,3,210,lbs,7,,
2026-04-23,Leg Press,legs,reps,1,440,lbs,15,,
2026-04-23,Leg Press,legs,reps,2,440,lbs,14,,
2026-04-23,Leg Press,legs,reps,3,440,lbs,13,,
2026-04-23,Leg Curls,legs,reps,1,135,lbs,14,,
2026-04-23,Leg Curls,legs,reps,2,135,lbs,13,,
2026-04-23,Leg Curls,legs,reps,3,135,lbs,13,,
2026-04-23,Walking Lunges,legs,reps,1,45,lbs,14,,
2026-04-23,Walking Lunges,legs,reps,2,45,lbs,14,,
2026-04-23,Walking Lunges,legs,reps,3,45,lbs,13,,
2026-04-23,Calf Raises,legs,reps,1,280,lbs,18,,
2026-04-23,Calf Raises,legs,reps,2,280,lbs,17,,
2026-04-23,Calf Raises,legs,reps,3,280,lbs,16,,
2026-04-23,Plank,core,timed,1,,bodyweight,,85,General:Core. Still boring.
2026-04-23,Hanging Leg Raises,core,reps,1,,bodyweight,12,,
2026-04-23,Hanging Leg Raises,core,reps,2,,bodyweight,11,,
2026-04-23,Hanging Leg Raises,core,reps,3,,bodyweight,10,,
__DAYSPLIT__,2026-04-25,Pull,,,,,,,
2026-04-25,Barbell Rows,pull,reps,1,220,lbs,9,,Mood:4|Form:Smooth
2026-04-25,Barbell Rows,pull,reps,2,220,lbs,8,,
2026-04-25,Barbell Rows,pull,reps,3,220,lbs,8,,
2026-04-25,Lat Pulldowns,pull,reps,1,175,lbs,14,,
2026-04-25,Lat Pulldowns,pull,reps,2,175,lbs,14,,
2026-04-25,Lat Pulldowns,pull,reps,3,175,lbs,13,,
2026-04-25,Pullups,pull,reps,1,,bodyweight,3,,Mood:4|General:Consistent threes now. Aiming for four.
2026-04-25,Pullups,pull,reps,2,,bodyweight,2,,
2026-04-25,Pullups,pull,reps,3,,bodyweight,2,,
2026-04-25,Banded Pullups,pull,reps,1,,banded,21,,Red|General:Extra volume
2026-04-25,Banded Pullups,pull,reps,2,,banded,20,,
2026-04-25,Banded Pullups,pull,reps,3,,banded,19,,
2026-04-25,Dumbbell Curls,pull,reps,1,40,lbs,15,,
2026-04-25,Dumbbell Curls,pull,reps,2,40,lbs,14,,
2026-04-25,Dumbbell Curls,pull,reps,3,40,lbs,13,,
2026-04-25,Face Pulls,pull,reps,1,90,lbs,18,,
2026-04-25,Face Pulls,pull,reps,2,90,lbs,17,,
2026-04-25,Face Pulls,pull,reps,3,90,lbs,16,,
2026-04-25,Dead Hangs,pull,timed,1,,bodyweight,,85,
__DAYSPLIT__,2026-04-27,Push,,,,,,,
2026-04-27,Bench Press,push,reps,1,180,lbs,4,,Mood:5|Form:PERFECT|General:180 POUNDS. BODYWEIGHT BENCH. Benched my own bodyweight. First pullup three weeks ago and now this. Six and a half months.
2026-04-27,Bench Press,push,reps,2,180,lbs,3,,
2026-04-27,Bench Press,push,reps,3,180,lbs,2,,
2026-04-27,Incline Dumbbell Press,push,reps,1,70,lbs,14,,
2026-04-27,Incline Dumbbell Press,push,reps,2,70,lbs,13,,
2026-04-27,Incline Dumbbell Press,push,reps,3,70,lbs,13,,
2026-04-27,Overhead Press,push,reps,1,115,lbs,8,,
2026-04-27,Overhead Press,push,reps,2,115,lbs,7,,
2026-04-27,Overhead Press,push,reps,3,115,lbs,6,,
2026-04-27,Lateral Raises,push,reps,1,35,lbs,18,,
2026-04-27,Lateral Raises,push,reps,2,35,lbs,17,,
2026-04-27,Lateral Raises,push,reps,3,35,lbs,16,,
2026-04-27,Dips,push,reps,1,,bodyweight,20,,
2026-04-27,Dips,push,reps,2,,bodyweight,19,,
2026-04-27,Dips,push,reps,3,,bodyweight,18,,
2026-04-27,Push Ups,push,reps,1,,bodyweight,33,,
2026-04-27,Push Ups,push,reps,2,,bodyweight,32,,
2026-04-27,Push Ups,push,reps,3,,bodyweight,31,,
2026-04-27,Tricep Pushdowns,push,reps,1,80,lbs,18,,
2026-04-27,Tricep Pushdowns,push,reps,2,80,lbs,17,,
2026-04-27,Tricep Pushdowns,push,reps,3,80,lbs,16,,
__DAYSPLIT__,2026-04-28,Pull,,,,,,,
2026-04-28,Barbell Rows,pull,reps,1,220,lbs,9,,Mood:5|Form:Great|General:Everything hitting. Two PRs this week.
2026-04-28,Barbell Rows,pull,reps,2,220,lbs,9,,
2026-04-28,Barbell Rows,pull,reps,3,220,lbs,8,,
2026-04-28,Lat Pulldowns,pull,reps,1,175,lbs,15,,
2026-04-28,Lat Pulldowns,pull,reps,2,175,lbs,14,,
2026-04-28,Lat Pulldowns,pull,reps,3,175,lbs,13,,
2026-04-28,Pullups,pull,reps,1,,bodyweight,3,,Mood:5|General:Three on both top sets now. Four is the next target.
2026-04-28,Pullups,pull,reps,2,,bodyweight,3,,
2026-04-28,Pullups,pull,reps,3,,bodyweight,2,,
2026-04-28,Banded Pullups,pull,reps,1,,banded,21,,Red|General:Volume reps
2026-04-28,Banded Pullups,pull,reps,2,,banded,20,,
2026-04-28,Banded Pullups,pull,reps,3,,banded,19,,
2026-04-28,Dumbbell Curls,pull,reps,1,40,lbs,15,,
2026-04-28,Dumbbell Curls,pull,reps,2,40,lbs,14,,
2026-04-28,Dumbbell Curls,pull,reps,3,40,lbs,13,,
2026-04-28,Face Pulls,pull,reps,1,90,lbs,18,,
2026-04-28,Face Pulls,pull,reps,2,90,lbs,17,,
2026-04-28,Face Pulls,pull,reps,3,90,lbs,17,,
2026-04-28,Dead Hangs,pull,timed,1,,bodyweight,,87,
__DAYSPLIT__,2026-04-29,Other,,,,,,,
2026-04-29,Stretching (General),mobility,timed,1,,,,900,Mood:4|General:Active recovery. Body feels good.
2026-04-29,Hip Flexor Stretches,mobility,timed,1,,,,300,
2026-04-29,Pigeon Stretch,mobility,timed,1,,,,300,
2026-04-29,Foam Rolling,other,timed,1,,,,600,
__DAYSPLIT__,2026-04-30,Legs,,,,,,,
2026-04-30,Squat,legs,reps,1,220,lbs,9,,Mood:4|Form:Best depth yet|General:Last leg day of April
2026-04-30,Squat,legs,reps,2,220,lbs,8,,
2026-04-30,Squat,legs,reps,3,220,lbs,8,,
2026-04-30,Romanian Deadlift,legs,reps,1,210,lbs,9,,
2026-04-30,Romanian Deadlift,legs,reps,2,210,lbs,8,,
2026-04-30,Romanian Deadlift,legs,reps,3,210,lbs,7,,
2026-04-30,Leg Press,legs,reps,1,445,lbs,15,,
2026-04-30,Leg Press,legs,reps,2,445,lbs,14,,
2026-04-30,Leg Press,legs,reps,3,445,lbs,14,,
2026-04-30,Leg Curls,legs,reps,1,140,lbs,15,,
2026-04-30,Leg Curls,legs,reps,2,140,lbs,14,,
2026-04-30,Leg Curls,legs,reps,3,140,lbs,13,,
2026-04-30,Walking Lunges,legs,reps,1,45,lbs,15,,
2026-04-30,Walking Lunges,legs,reps,2,45,lbs,14,,
2026-04-30,Walking Lunges,legs,reps,3,45,lbs,13,,
2026-04-30,Calf Raises,legs,reps,1,285,lbs,18,,
2026-04-30,Calf Raises,legs,reps,2,285,lbs,17,,
2026-04-30,Calf Raises,legs,reps,3,285,lbs,17,,
2026-04-30,Plank,core,timed,1,,bodyweight,,88,General:Almost 90 seconds. Progress.
2026-04-30,Ab Wheel Rollouts,core,reps,1,,bodyweight,10,,
2026-04-30,Ab Wheel Rollouts,core,reps,2,,bodyweight,9,,
2026-04-30,Ab Wheel Rollouts,core,reps,3,,bodyweight,8,,
__DAYSPLIT__,2026-05-01,Push,,,,,,,
2026-05-01,Bench Press,push,reps,1,165,lbs,8,,Mood:5|Form:Smooth|General:Six and a half months done. Started at 130lbs bench and zero pullups. Now benching bodyweight and doing sets of three unassisted. 堅持就是勝利.
2026-05-01,Bench Press,push,reps,2,165,lbs,8,,
2026-05-01,Bench Press,push,reps,3,165,lbs,7,,
2026-05-01,Incline Dumbbell Press,push,reps,1,70,lbs,14,,
2026-05-01,Incline Dumbbell Press,push,reps,2,70,lbs,14,,
2026-05-01,Incline Dumbbell Press,push,reps,3,70,lbs,13,,
2026-05-01,Overhead Press,push,reps,1,115,lbs,8,,
2026-05-01,Overhead Press,push,reps,2,115,lbs,7,,
2026-05-01,Overhead Press,push,reps,3,115,lbs,7,,
2026-05-01,Lateral Raises,push,reps,1,35,lbs,18,,
2026-05-01,Lateral Raises,push,reps,2,35,lbs,17,,
2026-05-01,Lateral Raises,push,reps,3,35,lbs,16,,
2026-05-01,Dips,push,reps,1,,bodyweight,20,,
2026-05-01,Dips,push,reps,2,,bodyweight,19,,
2026-05-01,Dips,push,reps,3,,bodyweight,19,,
2026-05-01,Push Ups,push,reps,1,,bodyweight,34,,
2026-05-01,Push Ups,push,reps,2,,bodyweight,33,,
2026-05-01,Push Ups,push,reps,3,,bodyweight,32,,
2026-05-01,Tricep Pushdowns,push,reps,1,80,lbs,18,,
2026-05-01,Tricep Pushdowns,push,reps,2,80,lbs,17,,
2026-05-01,Tricep Pushdowns,push,reps,3,80,lbs,16,,
2026-05-01,Cold Plunge,other,timed,1,,,,180,Mood:5|General:Feeling like a new person
__DAYSPLIT__,2026-05-02,Pull,,,,,,,
2026-05-02,Pullups,pull,reps,1,,bodyweight,3,,Mood:5|General:Nearly seven months. Bodyweight bench done. Pullups real. What else.
2026-05-02,Pullups,pull,reps,2,,bodyweight,3,,
2026-05-02,Pullups,pull,reps,3,,bodyweight,2,,
2026-05-02,Banded Pullups,pull,reps,1,,banded,21,,Red|General:Volume
2026-05-02,Banded Pullups,pull,reps,2,,banded,20,,
2026-05-02,Banded Pullups,pull,reps,3,,banded,19,,
2026-05-02,Barbell Rows,pull,reps,1,220,lbs,9,,
2026-05-02,Barbell Rows,pull,reps,2,220,lbs,8,,
2026-05-02,Barbell Rows,pull,reps,3,220,lbs,8,,
2026-05-02,Lat Pulldowns,pull,reps,1,175,lbs,14,,
2026-05-02,Lat Pulldowns,pull,reps,2,175,lbs,13,,
2026-05-02,Lat Pulldowns,pull,reps,3,175,lbs,12,,
2026-05-02,Dumbbell Curls,pull,reps,1,40,lbs,14,,
2026-05-02,Dumbbell Curls,pull,reps,2,40,lbs,13,,
2026-05-02,Dumbbell Curls,pull,reps,3,40,lbs,12,,
2026-05-02,Face Pulls,pull,reps,1,90,lbs,18,,
2026-05-02,Face Pulls,pull,reps,2,90,lbs,17,,
2026-05-02,Face Pulls,pull,reps,3,90,lbs,16,,
2026-05-02,Dead Hangs,pull,timed,1,,bodyweight,,88,
__DAYSPLIT__,2026-05-04,Push,,,,,,,
2026-05-04,Bench Press,push,reps,1,165,lbs,8,,Mood:4|General:Bank holiday. Iron Church quiet. Had the bench to myself all morning.
2026-05-04,Bench Press,push,reps,2,165,lbs,8,,
2026-05-04,Bench Press,push,reps,3,165,lbs,7,,
2026-05-04,Incline Dumbbell Press,push,reps,1,70,lbs,14,,
2026-05-04,Incline Dumbbell Press,push,reps,2,70,lbs,14,,
2026-05-04,Incline Dumbbell Press,push,reps,3,70,lbs,13,,
2026-05-04,Overhead Press,push,reps,1,115,lbs,8,,
2026-05-04,Overhead Press,push,reps,2,115,lbs,7,,
2026-05-04,Overhead Press,push,reps,3,115,lbs,7,,
2026-05-04,Lateral Raises,push,reps,1,35,lbs,18,,
2026-05-04,Lateral Raises,push,reps,2,35,lbs,17,,
2026-05-04,Lateral Raises,push,reps,3,35,lbs,16,,
2026-05-04,Dips,push,reps,1,,bodyweight,20,,
2026-05-04,Dips,push,reps,2,,bodyweight,19,,
2026-05-04,Dips,push,reps,3,,bodyweight,18,,
2026-05-04,Push Ups,push,reps,1,,bodyweight,34,,
2026-05-04,Push Ups,push,reps,2,,bodyweight,33,,
2026-05-04,Push Ups,push,reps,3,,bodyweight,31,,
2026-05-04,Tricep Pushdowns,push,reps,1,80,lbs,18,,
2026-05-04,Tricep Pushdowns,push,reps,2,80,lbs,17,,
2026-05-04,Tricep Pushdowns,push,reps,3,80,lbs,16,,
__DAYSPLIT__,2026-05-07,Legs,,,,,,,
2026-05-07,Squat,legs,reps,1,220,lbs,9,,Mood:3|Form:Good depth|General:Moved legs to Thursday. Work deadline yesterday.
2026-05-07,Squat,legs,reps,2,220,lbs,8,,
2026-05-07,Squat,legs,reps,3,220,lbs,8,,
2026-05-07,Romanian Deadlift,legs,reps,1,210,lbs,8,,
2026-05-07,Romanian Deadlift,legs,reps,2,210,lbs,8,,
2026-05-07,Romanian Deadlift,legs,reps,3,210,lbs,7,,
2026-05-07,Leg Press,legs,reps,1,445,lbs,15,,
2026-05-07,Leg Press,legs,reps,2,445,lbs,14,,
2026-05-07,Leg Press,legs,reps,3,445,lbs,14,,
2026-05-07,Leg Curls,legs,reps,1,140,lbs,15,,
2026-05-07,Leg Curls,legs,reps,2,140,lbs,14,,
2026-05-07,Leg Curls,legs,reps,3,140,lbs,13,,
2026-05-07,Walking Lunges,legs,reps,1,45,lbs,15,,
2026-05-07,Walking Lunges,legs,reps,2,45,lbs,14,,
2026-05-07,Walking Lunges,legs,reps,3,45,lbs,13,,
2026-05-07,Calf Raises,legs,reps,1,285,lbs,18,,
2026-05-07,Calf Raises,legs,reps,2,285,lbs,17,,
2026-05-07,Calf Raises,legs,reps,3,285,lbs,17,,
2026-05-07,Plank,core,timed,1,,bodyweight,,89,
2026-05-07,Ab Wheel Rollouts,core,reps,1,,bodyweight,10,,
2026-05-07,Ab Wheel Rollouts,core,reps,2,,bodyweight,9,,
2026-05-07,Ab Wheel Rollouts,core,reps,3,,bodyweight,9,,
__DAYSPLIT__,2026-05-09,Pull,,,,,,,
2026-05-09,Pullups,pull,reps,1,,bodyweight,3,,Mood:4|General:Threes on all three sets for the first time. Next step is four.
2026-05-09,Pullups,pull,reps,2,,bodyweight,3,,
2026-05-09,Pullups,pull,reps,3,,bodyweight,3,,
2026-05-09,Banded Pullups,pull,reps,1,,banded,22,,Red
2026-05-09,Banded Pullups,pull,reps,2,,banded,20,,
2026-05-09,Banded Pullups,pull,reps,3,,banded,19,,
2026-05-09,Barbell Rows,pull,reps,1,220,lbs,9,,
2026-05-09,Barbell Rows,pull,reps,2,220,lbs,9,,
2026-05-09,Barbell Rows,pull,reps,3,220,lbs,8,,
2026-05-09,Lat Pulldowns,pull,reps,1,175,lbs,14,,
2026-05-09,Lat Pulldowns,pull,reps,2,175,lbs,13,,
2026-05-09,Lat Pulldowns,pull,reps,3,175,lbs,12,,
2026-05-09,Dumbbell Curls,pull,reps,1,45,lbs,14,,
2026-05-09,Dumbbell Curls,pull,reps,2,45,lbs,13,,
2026-05-09,Dumbbell Curls,pull,reps,3,45,lbs,12,,
2026-05-09,Face Pulls,pull,reps,1,90,lbs,18,,
2026-05-09,Face Pulls,pull,reps,2,90,lbs,17,,
2026-05-09,Face Pulls,pull,reps,3,90,lbs,16,,
2026-05-09,Dead Hangs,pull,timed,1,,bodyweight,,89,
__DAYSPLIT__,2026-05-11,Push,,,,,,,
2026-05-11,Bench Press,push,reps,1,165,lbs,8,,Mood:4
2026-05-11,Bench Press,push,reps,2,165,lbs,8,,
2026-05-11,Bench Press,push,reps,3,165,lbs,7,,
2026-05-11,Incline Dumbbell Press,push,reps,1,70,lbs,14,,
2026-05-11,Incline Dumbbell Press,push,reps,2,70,lbs,14,,
2026-05-11,Incline Dumbbell Press,push,reps,3,70,lbs,13,,
2026-05-11,Overhead Press,push,reps,1,115,lbs,8,,
2026-05-11,Overhead Press,push,reps,2,115,lbs,7,,
2026-05-11,Overhead Press,push,reps,3,115,lbs,6,,
2026-05-11,Lateral Raises,push,reps,1,35,lbs,18,,
2026-05-11,Lateral Raises,push,reps,2,35,lbs,17,,
2026-05-11,Lateral Raises,push,reps,3,35,lbs,17,,
2026-05-11,Dips,push,reps,1,,bodyweight,20,,
2026-05-11,Dips,push,reps,2,,bodyweight,20,,
2026-05-11,Dips,push,reps,3,,bodyweight,19,,
2026-05-11,Push Ups,push,reps,1,,bodyweight,35,,
2026-05-11,Push Ups,push,reps,2,,bodyweight,33,,
2026-05-11,Push Ups,push,reps,3,,bodyweight,31,,
2026-05-11,Tricep Pushdowns,push,reps,1,80,lbs,18,,
2026-05-11,Tricep Pushdowns,push,reps,2,80,lbs,17,,
2026-05-11,Tricep Pushdowns,push,reps,3,80,lbs,17,,
__DAYSPLIT__,2026-05-14,Cardio,,,,,,,
2026-05-14,Treadmill Run,cardio,timed,1,,,,2520,Mood:5|General:5.2KM. Mapped the route on Google Maps after. Took 42 minutes. That is a 5K. Done.
__DAYSPLIT__,2026-05-16,Pull,,,,,,,
2026-05-16,Pullups,pull,reps,1,,bodyweight,3,,Mood:4|General:Tried for four on set one. Third rep solid. Fourth started and stalled halfway. Soon.
2026-05-16,Pullups,pull,reps,2,,bodyweight,3,,
2026-05-16,Pullups,pull,reps,3,,bodyweight,2,,
2026-05-16,Banded Pullups,pull,reps,1,,banded,22,,Red
2026-05-16,Banded Pullups,pull,reps,2,,banded,21,,
2026-05-16,Banded Pullups,pull,reps,3,,banded,20,,
2026-05-16,Barbell Rows,pull,reps,1,225,lbs,9,,
2026-05-16,Barbell Rows,pull,reps,2,225,lbs,8,,
2026-05-16,Barbell Rows,pull,reps,3,225,lbs,8,,
2026-05-16,Lat Pulldowns,pull,reps,1,175,lbs,14,,
2026-05-16,Lat Pulldowns,pull,reps,2,175,lbs,14,,
2026-05-16,Lat Pulldowns,pull,reps,3,175,lbs,13,,
2026-05-16,Dumbbell Curls,pull,reps,1,45,lbs,14,,
2026-05-16,Dumbbell Curls,pull,reps,2,45,lbs,13,,
2026-05-16,Dumbbell Curls,pull,reps,3,45,lbs,12,,
2026-05-16,Face Pulls,pull,reps,1,90,lbs,18,,
2026-05-16,Face Pulls,pull,reps,2,90,lbs,17,,
2026-05-16,Face Pulls,pull,reps,3,90,lbs,17,,
2026-05-16,Dead Hangs,pull,timed,1,,bodyweight,,90,
2026-05-16,Sauna,other,timed,1,,,,900,General:Post-session sauna. Becoming a ritual.
__DAYSPLIT__,2026-05-18,Push,,,,,,,
2026-05-18,Bench Press,push,reps,1,165,lbs,8,,Mood:4
2026-05-18,Bench Press,push,reps,2,165,lbs,8,,
2026-05-18,Bench Press,push,reps,3,165,lbs,7,,
2026-05-18,Incline Dumbbell Press,push,reps,1,70,lbs,14,,
2026-05-18,Incline Dumbbell Press,push,reps,2,70,lbs,13,,
2026-05-18,Incline Dumbbell Press,push,reps,3,70,lbs,13,,
2026-05-18,Overhead Press,push,reps,1,115,lbs,8,,
2026-05-18,Overhead Press,push,reps,2,115,lbs,7,,
2026-05-18,Overhead Press,push,reps,3,115,lbs,7,,
2026-05-18,Lateral Raises,push,reps,1,40,lbs,18,,
2026-05-18,Lateral Raises,push,reps,2,40,lbs,17,,
2026-05-18,Lateral Raises,push,reps,3,40,lbs,16,,
2026-05-18,Dips,push,reps,1,,bodyweight,21,,
2026-05-18,Dips,push,reps,2,,bodyweight,20,,
2026-05-18,Dips,push,reps,3,,bodyweight,19,,
2026-05-18,Push Ups,push,reps,1,,bodyweight,35,,
2026-05-18,Push Ups,push,reps,2,,bodyweight,34,,
2026-05-18,Push Ups,push,reps,3,,bodyweight,32,,
2026-05-18,Tricep Pushdowns,push,reps,1,80,lbs,18,,
2026-05-18,Tricep Pushdowns,push,reps,2,80,lbs,17,,
2026-05-18,Tricep Pushdowns,push,reps,3,80,lbs,16,,
__DAYSPLIT__,2026-05-19,Pull,,,,,,,
2026-05-19,Pullups,pull,reps,1,,bodyweight,4,,Mood:5|General:Four. Clean chin above the bar on all four. Stood there same as I did for the first one. This might never get old.
2026-05-19,Pullups,pull,reps,2,,bodyweight,3,,
2026-05-19,Pullups,pull,reps,3,,bodyweight,2,,
2026-05-19,Banded Pullups,pull,reps,1,,banded,23,,Red
2026-05-19,Banded Pullups,pull,reps,2,,banded,21,,
2026-05-19,Banded Pullups,pull,reps,3,,banded,20,,
2026-05-19,Barbell Rows,pull,reps,1,225,lbs,9,,
2026-05-19,Barbell Rows,pull,reps,2,225,lbs,9,,
2026-05-19,Barbell Rows,pull,reps,3,225,lbs,8,,
2026-05-19,Lat Pulldowns,pull,reps,1,180,lbs,14,,
2026-05-19,Lat Pulldowns,pull,reps,2,180,lbs,13,,
2026-05-19,Lat Pulldowns,pull,reps,3,180,lbs,12,,
2026-05-19,Dumbbell Curls,pull,reps,1,45,lbs,15,,
2026-05-19,Dumbbell Curls,pull,reps,2,45,lbs,14,,
2026-05-19,Dumbbell Curls,pull,reps,3,45,lbs,13,,
2026-05-19,Face Pulls,pull,reps,1,90,lbs,18,,
2026-05-19,Face Pulls,pull,reps,2,90,lbs,17,,
2026-05-19,Face Pulls,pull,reps,3,90,lbs,16,,
2026-05-19,Dead Hangs,pull,timed,1,,bodyweight,,91,
__DAYSPLIT__,2026-05-22,Push,,,,,,,
2026-05-22,Bench Press,push,reps,1,165,lbs,8,,Mood:4|General:Bank holiday weekend. Squeezing in a Friday session first.
2026-05-22,Bench Press,push,reps,2,165,lbs,8,,
2026-05-22,Bench Press,push,reps,3,165,lbs,7,,
2026-05-22,Incline Dumbbell Press,push,reps,1,70,lbs,14,,
2026-05-22,Incline Dumbbell Press,push,reps,2,70,lbs,14,,
2026-05-22,Incline Dumbbell Press,push,reps,3,70,lbs,13,,
2026-05-22,Overhead Press,push,reps,1,115,lbs,8,,
2026-05-22,Overhead Press,push,reps,2,115,lbs,7,,
2026-05-22,Overhead Press,push,reps,3,115,lbs,6,,
2026-05-22,Lateral Raises,push,reps,1,40,lbs,18,,
2026-05-22,Lateral Raises,push,reps,2,40,lbs,17,,
2026-05-22,Lateral Raises,push,reps,3,40,lbs,17,,
2026-05-22,Dips,push,reps,1,,bodyweight,21,,
2026-05-22,Dips,push,reps,2,,bodyweight,20,,
2026-05-22,Dips,push,reps,3,,bodyweight,20,,
2026-05-22,Push Ups,push,reps,1,,bodyweight,36,,
2026-05-22,Push Ups,push,reps,2,,bodyweight,34,,
2026-05-22,Push Ups,push,reps,3,,bodyweight,32,,
2026-05-22,Tricep Pushdowns,push,reps,1,80,lbs,18,,
2026-05-22,Tricep Pushdowns,push,reps,2,80,lbs,17,,
2026-05-22,Tricep Pushdowns,push,reps,3,80,lbs,17,,
__DAYSPLIT__,2026-05-23,Pull,,,,,,,
2026-05-23,Pullups,pull,reps,1,,bodyweight,4,,Mood:4|General:Four on set one again. Dialing in the movement now.
2026-05-23,Pullups,pull,reps,2,,bodyweight,3,,
2026-05-23,Pullups,pull,reps,3,,bodyweight,3,,
2026-05-23,Banded Pullups,pull,reps,1,,banded,23,,Red
2026-05-23,Banded Pullups,pull,reps,2,,banded,22,,
2026-05-23,Banded Pullups,pull,reps,3,,banded,20,,
2026-05-23,Barbell Rows,pull,reps,1,225,lbs,9,,General:225 for the first time.
2026-05-23,Barbell Rows,pull,reps,2,225,lbs,8,,
2026-05-23,Barbell Rows,pull,reps,3,225,lbs,8,,
2026-05-23,Lat Pulldowns,pull,reps,1,180,lbs,14,,
2026-05-23,Lat Pulldowns,pull,reps,2,180,lbs,14,,
2026-05-23,Lat Pulldowns,pull,reps,3,180,lbs,13,,
2026-05-23,Dumbbell Curls,pull,reps,1,45,lbs,14,,
2026-05-23,Dumbbell Curls,pull,reps,2,45,lbs,13,,
2026-05-23,Dumbbell Curls,pull,reps,3,45,lbs,12,,
2026-05-23,Face Pulls,pull,reps,1,90,lbs,18,,
2026-05-23,Face Pulls,pull,reps,2,90,lbs,18,,
2026-05-23,Face Pulls,pull,reps,3,90,lbs,17,,
2026-05-23,Dead Hangs,pull,timed,1,,bodyweight,,91,
__DAYSPLIT__,2026-05-25,Push,,,,,,,
2026-05-25,Bench Press,push,reps,1,165,lbs,8,,Mood:5|General:Spring bank holiday. Gym is mine.
2026-05-25,Bench Press,push,reps,2,165,lbs,8,,
2026-05-25,Bench Press,push,reps,3,165,lbs,7,,
2026-05-25,Incline Dumbbell Press,push,reps,1,70,lbs,14,,
2026-05-25,Incline Dumbbell Press,push,reps,2,70,lbs,14,,
2026-05-25,Incline Dumbbell Press,push,reps,3,70,lbs,14,,
2026-05-25,Overhead Press,push,reps,1,120,lbs,7,,General:First time at 120. Shoulder held up perfectly.
2026-05-25,Overhead Press,push,reps,2,120,lbs,6,,
2026-05-25,Overhead Press,push,reps,3,120,lbs,6,,
2026-05-25,Lateral Raises,push,reps,1,40,lbs,18,,
2026-05-25,Lateral Raises,push,reps,2,40,lbs,18,,
2026-05-25,Lateral Raises,push,reps,3,40,lbs,17,,
2026-05-25,Dips,push,reps,1,,bodyweight,21,,
2026-05-25,Dips,push,reps,2,,bodyweight,21,,
2026-05-25,Dips,push,reps,3,,bodyweight,20,,
2026-05-25,Push Ups,push,reps,1,,bodyweight,36,,
2026-05-25,Push Ups,push,reps,2,,bodyweight,35,,
2026-05-25,Push Ups,push,reps,3,,bodyweight,32,,
2026-05-25,Tricep Pushdowns,push,reps,1,80,lbs,18,,
2026-05-25,Tricep Pushdowns,push,reps,2,80,lbs,17,,
2026-05-25,Tricep Pushdowns,push,reps,3,80,lbs,16,,
__DAYSPLIT__,2026-05-27,Legs,,,,,,,
2026-05-27,Squat,legs,reps,1,225,lbs,9,,Mood:4|Form:Deep and controlled|General:First time squatting 225.
2026-05-27,Squat,legs,reps,2,225,lbs,8,,
2026-05-27,Squat,legs,reps,3,225,lbs,8,,
2026-05-27,Romanian Deadlift,legs,reps,1,215,lbs,8,,
2026-05-27,Romanian Deadlift,legs,reps,2,215,lbs,8,,
2026-05-27,Romanian Deadlift,legs,reps,3,215,lbs,7,,
2026-05-27,Leg Press,legs,reps,1,445,lbs,15,,
2026-05-27,Leg Press,legs,reps,2,445,lbs,14,,
2026-05-27,Leg Press,legs,reps,3,445,lbs,14,,
2026-05-27,Leg Curls,legs,reps,1,140,lbs,15,,
2026-05-27,Leg Curls,legs,reps,2,140,lbs,14,,
2026-05-27,Leg Curls,legs,reps,3,140,lbs,13,,
2026-05-27,Walking Lunges,legs,reps,1,45,lbs,15,,
2026-05-27,Walking Lunges,legs,reps,2,45,lbs,14,,
2026-05-27,Walking Lunges,legs,reps,3,45,lbs,13,,
2026-05-27,Calf Raises,legs,reps,1,285,lbs,18,,
2026-05-27,Calf Raises,legs,reps,2,285,lbs,17,,
2026-05-27,Calf Raises,legs,reps,3,285,lbs,17,,
2026-05-27,Plank,core,timed,1,,bodyweight,,91,
2026-05-27,Ab Wheel Rollouts,core,reps,1,,bodyweight,11,,
2026-05-27,Ab Wheel Rollouts,core,reps,2,,bodyweight,10,,
2026-05-27,Ab Wheel Rollouts,core,reps,3,,bodyweight,9,,
__DAYSPLIT__,2026-05-29,Push,,,,,,,
2026-05-29,Bench Press,push,reps,1,170,lbs,8,,Mood:4|Form:Controlled descent
2026-05-29,Bench Press,push,reps,2,170,lbs,8,,
2026-05-29,Bench Press,push,reps,3,170,lbs,7,,
2026-05-29,Incline Dumbbell Press,push,reps,1,70,lbs,14,,
2026-05-29,Incline Dumbbell Press,push,reps,2,70,lbs,13,,
2026-05-29,Incline Dumbbell Press,push,reps,3,70,lbs,12,,
2026-05-29,Overhead Press,push,reps,1,120,lbs,7,,
2026-05-29,Overhead Press,push,reps,2,120,lbs,7,,
2026-05-29,Overhead Press,push,reps,3,120,lbs,6,,
2026-05-29,Lateral Raises,push,reps,1,40,lbs,18,,
2026-05-29,Lateral Raises,push,reps,2,40,lbs,18,,
2026-05-29,Lateral Raises,push,reps,3,40,lbs,17,,
2026-05-29,Dips,push,reps,1,,bodyweight,22,,
2026-05-29,Dips,push,reps,2,,bodyweight,21,,
2026-05-29,Dips,push,reps,3,,bodyweight,20,,
2026-05-29,Push Ups,push,reps,1,,bodyweight,36,,
2026-05-29,Push Ups,push,reps,2,,bodyweight,35,,
2026-05-29,Push Ups,push,reps,3,,bodyweight,33,,
2026-05-29,Tricep Pushdowns,push,reps,1,80,lbs,18,,
2026-05-29,Tricep Pushdowns,push,reps,2,80,lbs,17,,
2026-05-29,Tricep Pushdowns,push,reps,3,80,lbs,17,,
__DAYSPLIT__,2026-05-30,Pull,,,,,,,
2026-05-30,Pullups,pull,reps,1,,bodyweight,4,,Mood:5|General:Four on both top sets. Three weeks ago it was three. The ceiling keeps moving.
2026-05-30,Pullups,pull,reps,2,,bodyweight,4,,
2026-05-30,Pullups,pull,reps,3,,bodyweight,3,,
2026-05-30,Banded Pullups,pull,reps,1,,banded,24,,Red
2026-05-30,Banded Pullups,pull,reps,2,,banded,22,,
2026-05-30,Banded Pullups,pull,reps,3,,banded,21,,
2026-05-30,Barbell Rows,pull,reps,1,225,lbs,9,,
2026-05-30,Barbell Rows,pull,reps,2,225,lbs,9,,
2026-05-30,Barbell Rows,pull,reps,3,225,lbs,8,,
2026-05-30,Lat Pulldowns,pull,reps,1,180,lbs,14,,
2026-05-30,Lat Pulldowns,pull,reps,2,180,lbs,13,,
2026-05-30,Lat Pulldowns,pull,reps,3,180,lbs,12,,
2026-05-30,Dumbbell Curls,pull,reps,1,45,lbs,14,,
2026-05-30,Dumbbell Curls,pull,reps,2,45,lbs,14,,
2026-05-30,Dumbbell Curls,pull,reps,3,45,lbs,13,,
2026-05-30,Face Pulls,pull,reps,1,95,lbs,18,,
2026-05-30,Face Pulls,pull,reps,2,95,lbs,17,,
2026-05-30,Face Pulls,pull,reps,3,95,lbs,17,,
2026-05-30,Dead Hangs,pull,timed,1,,bodyweight,,92,
__DAYSPLIT__,2026-06-01,Push,,,,,,,
2026-06-01,Bench Press,push,reps,1,170,lbs,8,,Mood:5|General:Seven and a half months done. 200 is the number. Working weight at 170. The calculator says I am on track.
2026-06-01,Bench Press,push,reps,2,170,lbs,8,,
2026-06-01,Bench Press,push,reps,3,170,lbs,7,,
2026-06-01,Incline Dumbbell Press,push,reps,1,70,lbs,14,,
2026-06-01,Incline Dumbbell Press,push,reps,2,70,lbs,14,,
2026-06-01,Incline Dumbbell Press,push,reps,3,70,lbs,13,,
2026-06-01,Overhead Press,push,reps,1,120,lbs,7,,Form:Brace harder at lockout
2026-06-01,Overhead Press,push,reps,2,120,lbs,7,,
2026-06-01,Overhead Press,push,reps,3,120,lbs,6,,
2026-06-01,Lateral Raises,push,reps,1,40,lbs,18,,
2026-06-01,Lateral Raises,push,reps,2,40,lbs,18,,
2026-06-01,Lateral Raises,push,reps,3,40,lbs,17,,
2026-06-01,Dips,push,reps,1,,bodyweight,22,,
2026-06-01,Dips,push,reps,2,,bodyweight,21,,
2026-06-01,Dips,push,reps,3,,bodyweight,20,,
2026-06-01,Push Ups,push,reps,1,,bodyweight,37,,
2026-06-01,Push Ups,push,reps,2,,bodyweight,35,,
2026-06-01,Push Ups,push,reps,3,,bodyweight,33,,
2026-06-01,Tricep Pushdowns,push,reps,1,80,lbs,18,,
2026-06-01,Tricep Pushdowns,push,reps,2,80,lbs,18,,
2026-06-01,Tricep Pushdowns,push,reps,3,80,lbs,17,,
__DAYSPLIT__,2026-06-02,Pull,,,,,,,
2026-06-02,Pullups,pull,reps,1,,bodyweight,4,,"Mood:4|General:Back to it. Fours on the top sets, working toward five."
2026-06-02,Pullups,pull,reps,2,,bodyweight,4,,
2026-06-02,Pullups,pull,reps,3,,bodyweight,3,,
2026-06-02,Barbell Rows,pull,reps,1,225,lbs,9,,
2026-06-02,Barbell Rows,pull,reps,2,225,lbs,9,,
2026-06-02,Barbell Rows,pull,reps,3,225,lbs,8,,
2026-06-02,Lat Pulldowns,pull,reps,1,180,lbs,14,,
2026-06-02,Lat Pulldowns,pull,reps,2,180,lbs,13,,
2026-06-02,Lat Pulldowns,pull,reps,3,180,lbs,12,,
2026-06-02,Banded Pullups,pull,reps,1,,banded,24,,Red
2026-06-02,Banded Pullups,pull,reps,2,,banded,22,,
2026-06-02,Banded Pullups,pull,reps,3,,banded,21,,
2026-06-02,Face Pulls,pull,reps,1,95,lbs,18,,
2026-06-02,Face Pulls,pull,reps,2,95,lbs,17,,
2026-06-02,Face Pulls,pull,reps,3,95,lbs,17,,
2026-06-02,Dumbbell Curls,pull,reps,1,45,lbs,14,,
2026-06-02,Dumbbell Curls,pull,reps,2,45,lbs,14,,
2026-06-02,Dumbbell Curls,pull,reps,3,45,lbs,13,,
2026-06-02,Dead Hangs,pull,timed,1,,bodyweight,,92,
__DAYSPLIT__,2026-06-03,Legs,,,,,,,
2026-06-03,Squat,legs,reps,1,225,lbs,9,,Mood:3|Form:Good depth|General:Legs done. Did not skip them this time.
2026-06-03,Squat,legs,reps,2,225,lbs,8,,
2026-06-03,Squat,legs,reps,3,225,lbs,8,,
2026-06-03,Romanian Deadlift,legs,reps,1,215,lbs,8,,
2026-06-03,Romanian Deadlift,legs,reps,2,215,lbs,8,,
2026-06-03,Romanian Deadlift,legs,reps,3,215,lbs,7,,
2026-06-03,Leg Press,legs,reps,1,445,lbs,15,,
2026-06-03,Leg Press,legs,reps,2,445,lbs,14,,
2026-06-03,Leg Press,legs,reps,3,445,lbs,14,,
2026-06-03,Leg Curls,legs,reps,1,140,lbs,15,,
2026-06-03,Leg Curls,legs,reps,2,140,lbs,14,,
2026-06-03,Leg Curls,legs,reps,3,140,lbs,13,,
2026-06-03,Walking Lunges,legs,reps,1,45,lbs,15,,
2026-06-03,Walking Lunges,legs,reps,2,45,lbs,14,,
2026-06-03,Walking Lunges,legs,reps,3,45,lbs,13,,
2026-06-03,Calf Raises,legs,reps,1,285,lbs,18,,
2026-06-03,Calf Raises,legs,reps,2,285,lbs,17,,
2026-06-03,Calf Raises,legs,reps,3,285,lbs,17,,
__DAYSPLIT__,2026-06-05,Push,,,,,,,
2026-06-05,Bench Press,push,reps,1,170,lbs,8,,Mood:4|General:Working weight feels solid. 175 soon.
2026-06-05,Bench Press,push,reps,2,170,lbs,8,,
2026-06-05,Bench Press,push,reps,3,170,lbs,7,,
2026-06-05,Incline Dumbbell Press,push,reps,1,70,lbs,14,,
2026-06-05,Incline Dumbbell Press,push,reps,2,70,lbs,14,,
2026-06-05,Incline Dumbbell Press,push,reps,3,70,lbs,13,,
2026-06-05,Overhead Press,push,reps,1,120,lbs,7,,
2026-06-05,Overhead Press,push,reps,2,120,lbs,7,,
2026-06-05,Overhead Press,push,reps,3,120,lbs,6,,
2026-06-05,Lateral Raises,push,reps,1,40,lbs,18,,
2026-06-05,Lateral Raises,push,reps,2,40,lbs,18,,
2026-06-05,Lateral Raises,push,reps,3,40,lbs,17,,
2026-06-05,Dips,push,reps,1,,bodyweight,23,,
2026-06-05,Dips,push,reps,2,,bodyweight,22,,
2026-06-05,Dips,push,reps,3,,bodyweight,21,,
2026-06-05,Push Ups,push,reps,1,,bodyweight,38,,
2026-06-05,Push Ups,push,reps,2,,bodyweight,36,,
2026-06-05,Push Ups,push,reps,3,,bodyweight,34,,
2026-06-05,Tricep Pushdowns,push,reps,1,80,lbs,18,,
2026-06-05,Tricep Pushdowns,push,reps,2,80,lbs,18,,
2026-06-05,Tricep Pushdowns,push,reps,3,80,lbs,17,,
__DAYSPLIT__,2026-06-06,Pull,,,,,,,
2026-06-06,Pullups,pull,reps,1,,bodyweight,4,,Mood:5|General:Fours across all three sets. First time. The fifth rep is coming.
2026-06-06,Pullups,pull,reps,2,,bodyweight,4,,
2026-06-06,Pullups,pull,reps,3,,bodyweight,4,,
2026-06-06,Barbell Rows,pull,reps,1,225,lbs,9,,
2026-06-06,Barbell Rows,pull,reps,2,225,lbs,9,,
2026-06-06,Barbell Rows,pull,reps,3,225,lbs,8,,
2026-06-06,Lat Pulldowns,pull,reps,1,180,lbs,14,,
2026-06-06,Lat Pulldowns,pull,reps,2,180,lbs,13,,
2026-06-06,Lat Pulldowns,pull,reps,3,180,lbs,13,,
2026-06-06,Banded Pullups,pull,reps,1,,banded,24,,Red
2026-06-06,Banded Pullups,pull,reps,2,,banded,23,,
2026-06-06,Banded Pullups,pull,reps,3,,banded,21,,
2026-06-06,Face Pulls,pull,reps,1,95,lbs,18,,
2026-06-06,Face Pulls,pull,reps,2,95,lbs,17,,
2026-06-06,Face Pulls,pull,reps,3,95,lbs,17,,
2026-06-06,Dumbbell Curls,pull,reps,1,45,lbs,14,,
2026-06-06,Dumbbell Curls,pull,reps,2,45,lbs,14,,
2026-06-06,Dumbbell Curls,pull,reps,3,45,lbs,13,,
2026-06-06,Dead Hangs,pull,timed,1,,bodyweight,,92,
__DAYSPLIT__,2026-06-08,Push,,,,,,,
2026-06-08,Bench Press,push,reps,1,170,lbs,9,,Mood:4|Form:Controlled descent|General:Nine reps on the top set. Ready to move up.
2026-06-08,Bench Press,push,reps,2,170,lbs,8,,
2026-06-08,Bench Press,push,reps,3,170,lbs,8,,
2026-06-08,Incline Dumbbell Press,push,reps,1,70,lbs,14,,
2026-06-08,Incline Dumbbell Press,push,reps,2,70,lbs,14,,
2026-06-08,Incline Dumbbell Press,push,reps,3,70,lbs,14,,
2026-06-08,Overhead Press,push,reps,1,120,lbs,7,,
2026-06-08,Overhead Press,push,reps,2,120,lbs,7,,
2026-06-08,Overhead Press,push,reps,3,120,lbs,7,,
2026-06-08,Lateral Raises,push,reps,1,40,lbs,18,,
2026-06-08,Lateral Raises,push,reps,2,40,lbs,18,,
2026-06-08,Lateral Raises,push,reps,3,40,lbs,17,,
2026-06-08,Dips,push,reps,1,,bodyweight,23,,
2026-06-08,Dips,push,reps,2,,bodyweight,22,,
2026-06-08,Dips,push,reps,3,,bodyweight,21,,
2026-06-08,Push Ups,push,reps,1,,bodyweight,38,,
2026-06-08,Push Ups,push,reps,2,,bodyweight,36,,
2026-06-08,Push Ups,push,reps,3,,bodyweight,34,,
2026-06-08,Tricep Pushdowns,push,reps,1,80,lbs,18,,
2026-06-08,Tricep Pushdowns,push,reps,2,80,lbs,18,,
2026-06-08,Tricep Pushdowns,push,reps,3,80,lbs,17,,
__DAYSPLIT__,2026-06-09,Pull,,,,,,,
2026-06-09,Pullups,pull,reps,1,,bodyweight,4,,Mood:4|General:Ten reps on rows for the first time. Still chasing 230.
2026-06-09,Pullups,pull,reps,2,,bodyweight,4,,
2026-06-09,Pullups,pull,reps,3,,bodyweight,3,,
2026-06-09,Barbell Rows,pull,reps,1,225,lbs,10,,
2026-06-09,Barbell Rows,pull,reps,2,225,lbs,9,,
2026-06-09,Barbell Rows,pull,reps,3,225,lbs,9,,
2026-06-09,Lat Pulldowns,pull,reps,1,180,lbs,15,,
2026-06-09,Lat Pulldowns,pull,reps,2,180,lbs,14,,
2026-06-09,Lat Pulldowns,pull,reps,3,180,lbs,13,,
2026-06-09,Banded Pullups,pull,reps,1,,banded,25,,Red
2026-06-09,Banded Pullups,pull,reps,2,,banded,23,,
2026-06-09,Banded Pullups,pull,reps,3,,banded,22,,
2026-06-09,Face Pulls,pull,reps,1,95,lbs,18,,
2026-06-09,Face Pulls,pull,reps,2,95,lbs,17,,
2026-06-09,Face Pulls,pull,reps,3,95,lbs,17,,
2026-06-09,Dumbbell Curls,pull,reps,1,45,lbs,14,,
2026-06-09,Dumbbell Curls,pull,reps,2,45,lbs,14,,
2026-06-09,Dumbbell Curls,pull,reps,3,45,lbs,13,,
2026-06-09,Dead Hangs,pull,timed,1,,bodyweight,,93,
__DAYSPLIT__,2026-06-11,Cardio,,,,,,,
2026-06-11,Treadmill Run,cardio,timed,1,,,,1680,Mood:4|General:28 minute easy run. Summer evenings. Building the engine back up.
__DAYSPLIT__,2026-06-12,Push,,,,,,,
2026-06-12,Bench Press,push,reps,1,175,lbs,7,,Mood:5|Form:Brace and drive|General:Moved working weight to 175. Felt strong.
2026-06-12,Bench Press,push,reps,2,175,lbs,7,,
2026-06-12,Bench Press,push,reps,3,175,lbs,6,,
2026-06-12,Incline Dumbbell Press,push,reps,1,70,lbs,14,,
2026-06-12,Incline Dumbbell Press,push,reps,2,70,lbs,14,,
2026-06-12,Incline Dumbbell Press,push,reps,3,70,lbs,13,,
2026-06-12,Overhead Press,push,reps,1,120,lbs,7,,
2026-06-12,Overhead Press,push,reps,2,120,lbs,7,,
2026-06-12,Overhead Press,push,reps,3,120,lbs,6,,
2026-06-12,Lateral Raises,push,reps,1,40,lbs,18,,
2026-06-12,Lateral Raises,push,reps,2,40,lbs,18,,
2026-06-12,Lateral Raises,push,reps,3,40,lbs,17,,
2026-06-12,Dips,push,reps,1,,bodyweight,23,,
2026-06-12,Dips,push,reps,2,,bodyweight,22,,
2026-06-12,Dips,push,reps,3,,bodyweight,21,,
2026-06-12,Push Ups,push,reps,1,,bodyweight,38,,
2026-06-12,Push Ups,push,reps,2,,bodyweight,36,,
2026-06-12,Push Ups,push,reps,3,,bodyweight,34,,
2026-06-12,Tricep Pushdowns,push,reps,1,80,lbs,18,,
2026-06-12,Tricep Pushdowns,push,reps,2,80,lbs,18,,
2026-06-12,Tricep Pushdowns,push,reps,3,80,lbs,17,,
2026-06-12,Sauna,other,timed,1,,,,900,General:Recovery sauna after push
__DAYSPLIT__,2026-06-13,Pull,,,,,,,
2026-06-13,Pullups,pull,reps,1,,bodyweight,4,,Mood:4|General:Tried for five on set one and stalled an inch from the bar. So close.
2026-06-13,Pullups,pull,reps,2,,bodyweight,4,,
2026-06-13,Pullups,pull,reps,3,,bodyweight,4,,
2026-06-13,Barbell Rows,pull,reps,1,225,lbs,10,,
2026-06-13,Barbell Rows,pull,reps,2,225,lbs,9,,
2026-06-13,Barbell Rows,pull,reps,3,225,lbs,9,,
2026-06-13,Lat Pulldowns,pull,reps,1,185,lbs,14,,
2026-06-13,Lat Pulldowns,pull,reps,2,185,lbs,13,,
2026-06-13,Lat Pulldowns,pull,reps,3,185,lbs,12,,
2026-06-13,Banded Pullups,pull,reps,1,,banded,25,,Red
2026-06-13,Banded Pullups,pull,reps,2,,banded,23,,
2026-06-13,Banded Pullups,pull,reps,3,,banded,22,,
2026-06-13,Face Pulls,pull,reps,1,95,lbs,18,,
2026-06-13,Face Pulls,pull,reps,2,95,lbs,17,,
2026-06-13,Face Pulls,pull,reps,3,95,lbs,17,,
2026-06-13,Dumbbell Curls,pull,reps,1,45,lbs,14,,
2026-06-13,Dumbbell Curls,pull,reps,2,45,lbs,14,,
2026-06-13,Dumbbell Curls,pull,reps,3,45,lbs,13,,
2026-06-13,Dead Hangs,pull,timed,1,,bodyweight,,93,
2026-06-13,Hanging Leg Raises,core,reps,1,,bodyweight,13,,
2026-06-13,Hanging Leg Raises,core,reps,2,,bodyweight,12,,
2026-06-13,Hanging Leg Raises,core,reps,3,,bodyweight,11,,
__DAYSPLIT__,2026-06-14,Mobility,,,,,,,
2026-06-14,Hip Flexor Stretches,mobility,timed,1,,bodyweight,,60,Mood:3|General:Physio homework. Overdue. Hips are tight from the desk again.
2026-06-14,Hip Flexor Stretches,mobility,timed,2,,bodyweight,,60,
2026-06-14,Pigeon Stretch,mobility,timed,1,,bodyweight,,60,
2026-06-14,Pigeon Stretch,mobility,timed,2,,bodyweight,,60,
2026-06-14,Thoracic Spine Rotation,mobility,timed,1,,bodyweight,,45,
2026-06-14,Thoracic Spine Rotation,mobility,timed,2,,bodyweight,,45,
__DAYSPLIT__,2026-06-15,Push,,,,,,,
2026-06-15,Bench Press,push,reps,1,175,lbs,8,,Mood:4|General:Incline up to 75s. Everything trending up.
2026-06-15,Bench Press,push,reps,2,175,lbs,7,,
2026-06-15,Bench Press,push,reps,3,175,lbs,7,,
2026-06-15,Incline Dumbbell Press,push,reps,1,75,lbs,12,,
2026-06-15,Incline Dumbbell Press,push,reps,2,75,lbs,12,,
2026-06-15,Incline Dumbbell Press,push,reps,3,75,lbs,11,,
2026-06-15,Overhead Press,push,reps,1,120,lbs,8,,
2026-06-15,Overhead Press,push,reps,2,120,lbs,7,,
2026-06-15,Overhead Press,push,reps,3,120,lbs,7,,
2026-06-15,Lateral Raises,push,reps,1,40,lbs,18,,
2026-06-15,Lateral Raises,push,reps,2,40,lbs,18,,
2026-06-15,Lateral Raises,push,reps,3,40,lbs,17,,
2026-06-15,Dips,push,reps,1,,bodyweight,23,,
2026-06-15,Dips,push,reps,2,,bodyweight,22,,
2026-06-15,Dips,push,reps,3,,bodyweight,21,,
2026-06-15,Push Ups,push,reps,1,,bodyweight,38,,
2026-06-15,Push Ups,push,reps,2,,bodyweight,36,,
2026-06-15,Push Ups,push,reps,3,,bodyweight,34,,
2026-06-15,Tricep Pushdowns,push,reps,1,80,lbs,18,,
2026-06-15,Tricep Pushdowns,push,reps,2,80,lbs,18,,
2026-06-15,Tricep Pushdowns,push,reps,3,80,lbs,17,,
__DAYSPLIT__,2026-06-16,Pull,,,,,,,
2026-06-16,Pullups,pull,reps,1,,bodyweight,5,,Mood:5|General:FIVE. Five clean unassisted reps on set one. Chin clear over the bar every time. Eight months ago I could not do one.
2026-06-16,Pullups,pull,reps,2,,bodyweight,4,,
2026-06-16,Pullups,pull,reps,3,,bodyweight,3,,
2026-06-16,Barbell Rows,pull,reps,1,225,lbs,10,,
2026-06-16,Barbell Rows,pull,reps,2,225,lbs,10,,
2026-06-16,Barbell Rows,pull,reps,3,225,lbs,9,,
2026-06-16,Lat Pulldowns,pull,reps,1,185,lbs,14,,
2026-06-16,Lat Pulldowns,pull,reps,2,185,lbs,13,,
2026-06-16,Lat Pulldowns,pull,reps,3,185,lbs,13,,
2026-06-16,Banded Pullups,pull,reps,1,,banded,26,,Red
2026-06-16,Banded Pullups,pull,reps,2,,banded,24,,
2026-06-16,Banded Pullups,pull,reps,3,,banded,22,,
2026-06-16,Face Pulls,pull,reps,1,95,lbs,18,,
2026-06-16,Face Pulls,pull,reps,2,95,lbs,17,,
2026-06-16,Face Pulls,pull,reps,3,95,lbs,17,,
2026-06-16,Dumbbell Curls,pull,reps,1,45,lbs,14,,
2026-06-16,Dumbbell Curls,pull,reps,2,45,lbs,14,,
2026-06-16,Dumbbell Curls,pull,reps,3,45,lbs,13,,
2026-06-16,Dead Hangs,pull,timed,1,,bodyweight,,94,
__DAYSPLIT__,2026-06-17,Legs,,,,,,,
2026-06-17,Squat,legs,reps,1,225,lbs,9,,"Mood:4|Form:Deep and controlled|General:Leg press up to 455. Squat reps climbing, 230 is close."
2026-06-17,Squat,legs,reps,2,225,lbs,9,,
2026-06-17,Squat,legs,reps,3,225,lbs,8,,
2026-06-17,Romanian Deadlift,legs,reps,1,215,lbs,9,,
2026-06-17,Romanian Deadlift,legs,reps,2,215,lbs,8,,
2026-06-17,Romanian Deadlift,legs,reps,3,215,lbs,8,,
2026-06-17,Leg Press,legs,reps,1,455,lbs,15,,
2026-06-17,Leg Press,legs,reps,2,455,lbs,14,,
2026-06-17,Leg Press,legs,reps,3,455,lbs,14,,
2026-06-17,Leg Curls,legs,reps,1,145,lbs,14,,
2026-06-17,Leg Curls,legs,reps,2,145,lbs,13,,
2026-06-17,Leg Curls,legs,reps,3,145,lbs,13,,
2026-06-17,Walking Lunges,legs,reps,1,45,lbs,15,,
2026-06-17,Walking Lunges,legs,reps,2,45,lbs,14,,
2026-06-17,Walking Lunges,legs,reps,3,45,lbs,13,,
2026-06-17,Calf Raises,legs,reps,1,290,lbs,18,,
2026-06-17,Calf Raises,legs,reps,2,290,lbs,17,,
2026-06-17,Calf Raises,legs,reps,3,290,lbs,17,,
__DAYSPLIT__,2026-06-20,Pull,,,,,,,
2026-06-20,Pullups,pull,reps,1,,bodyweight,5,,Mood:5|General:Five then four then four. The fives are repeatable now.
2026-06-20,Pullups,pull,reps,2,,bodyweight,4,,
2026-06-20,Pullups,pull,reps,3,,bodyweight,4,,
2026-06-20,Barbell Rows,pull,reps,1,225,lbs,10,,
2026-06-20,Barbell Rows,pull,reps,2,225,lbs,10,,
2026-06-20,Barbell Rows,pull,reps,3,225,lbs,9,,
2026-06-20,Lat Pulldowns,pull,reps,1,185,lbs,15,,
2026-06-20,Lat Pulldowns,pull,reps,2,185,lbs,14,,
2026-06-20,Lat Pulldowns,pull,reps,3,185,lbs,13,,
2026-06-20,Banded Pullups,pull,reps,1,,banded,26,,Red
2026-06-20,Banded Pullups,pull,reps,2,,banded,24,,
2026-06-20,Banded Pullups,pull,reps,3,,banded,23,,
2026-06-20,Face Pulls,pull,reps,1,95,lbs,18,,
2026-06-20,Face Pulls,pull,reps,2,95,lbs,17,,
2026-06-20,Face Pulls,pull,reps,3,95,lbs,17,,
2026-06-20,Dumbbell Curls,pull,reps,1,45,lbs,14,,
2026-06-20,Dumbbell Curls,pull,reps,2,45,lbs,14,,
2026-06-20,Dumbbell Curls,pull,reps,3,45,lbs,13,,
2026-06-20,Dead Hangs,pull,timed,1,,bodyweight,,94,
__DAYSPLIT__,2026-06-21,Cardio,,,,,,,
2026-06-21,Treadmill Run,cardio,timed,1,,,,1860,Mood:5|General:5K in 31 minutes. Eleven minutes faster than the May run. Did not stop once. The 5K goal is basically a pace goal now.
__DAYSPLIT__,2026-06-22,Push,,,,,,,
2026-06-22,Bench Press,push,reps,1,175,lbs,8,,Mood:4|General:Overhead press touched 125 for the first time. Shoulder is a non-issue now.
2026-06-22,Bench Press,push,reps,2,175,lbs,8,,
2026-06-22,Bench Press,push,reps,3,175,lbs,8,,
2026-06-22,Incline Dumbbell Press,push,reps,1,75,lbs,13,,
2026-06-22,Incline Dumbbell Press,push,reps,2,75,lbs,12,,
2026-06-22,Incline Dumbbell Press,push,reps,3,75,lbs,12,,
2026-06-22,Overhead Press,push,reps,1,125,lbs,6,,
2026-06-22,Overhead Press,push,reps,2,125,lbs,6,,
2026-06-22,Overhead Press,push,reps,3,125,lbs,5,,
2026-06-22,Lateral Raises,push,reps,1,40,lbs,18,,
2026-06-22,Lateral Raises,push,reps,2,40,lbs,18,,
2026-06-22,Lateral Raises,push,reps,3,40,lbs,17,,
2026-06-22,Dips,push,reps,1,,bodyweight,23,,
2026-06-22,Dips,push,reps,2,,bodyweight,22,,
2026-06-22,Dips,push,reps,3,,bodyweight,21,,
2026-06-22,Push Ups,push,reps,1,,bodyweight,38,,
2026-06-22,Push Ups,push,reps,2,,bodyweight,36,,
2026-06-22,Push Ups,push,reps,3,,bodyweight,34,,
2026-06-22,Tricep Pushdowns,push,reps,1,80,lbs,18,,
2026-06-22,Tricep Pushdowns,push,reps,2,80,lbs,18,,
2026-06-22,Tricep Pushdowns,push,reps,3,80,lbs,17,,
__DAYSPLIT__,2026-06-24,Legs,,,,,,,
2026-06-24,Squat,legs,reps,1,225,lbs,10,,Mood:4|General:Ten reps at 225. Next session I load 230.
2026-06-24,Squat,legs,reps,2,225,lbs,9,,
2026-06-24,Squat,legs,reps,3,225,lbs,8,,
2026-06-24,Romanian Deadlift,legs,reps,1,215,lbs,9,,
2026-06-24,Romanian Deadlift,legs,reps,2,215,lbs,9,,
2026-06-24,Romanian Deadlift,legs,reps,3,215,lbs,8,,
2026-06-24,Leg Press,legs,reps,1,455,lbs,15,,
2026-06-24,Leg Press,legs,reps,2,455,lbs,15,,
2026-06-24,Leg Press,legs,reps,3,455,lbs,14,,
2026-06-24,Leg Curls,legs,reps,1,145,lbs,15,,
2026-06-24,Leg Curls,legs,reps,2,145,lbs,14,,
2026-06-24,Leg Curls,legs,reps,3,145,lbs,13,,
2026-06-24,Walking Lunges,legs,reps,1,45,lbs,15,,
2026-06-24,Walking Lunges,legs,reps,2,45,lbs,14,,
2026-06-24,Walking Lunges,legs,reps,3,45,lbs,13,,
2026-06-24,Calf Raises,legs,reps,1,290,lbs,18,,
2026-06-24,Calf Raises,legs,reps,2,290,lbs,18,,
2026-06-24,Calf Raises,legs,reps,3,290,lbs,17,,
2026-06-24,Plank,core,timed,1,,bodyweight,,95,
__DAYSPLIT__,2026-06-26,Push,,,,,,,
2026-06-26,Bench Press,push,reps,1,185,lbs,3,,Mood:5|Form:PERFECT|General:HIT 185! New bench press PR. Five over the bodyweight bench. Fifteen pounds from 200 now.
2026-06-26,Bench Press,push,reps,2,185,lbs,2,,
2026-06-26,Bench Press,push,reps,3,185,lbs,2,,
2026-06-26,Incline Dumbbell Press,push,reps,1,75,lbs,13,,
2026-06-26,Incline Dumbbell Press,push,reps,2,75,lbs,12,,
2026-06-26,Incline Dumbbell Press,push,reps,3,75,lbs,12,,
2026-06-26,Overhead Press,push,reps,1,120,lbs,8,,
2026-06-26,Overhead Press,push,reps,2,120,lbs,7,,
2026-06-26,Overhead Press,push,reps,3,120,lbs,7,,
2026-06-26,Lateral Raises,push,reps,1,40,lbs,18,,
2026-06-26,Lateral Raises,push,reps,2,40,lbs,18,,
2026-06-26,Lateral Raises,push,reps,3,40,lbs,17,,
2026-06-26,Dips,push,reps,1,,bodyweight,23,,
2026-06-26,Dips,push,reps,2,,bodyweight,22,,
2026-06-26,Dips,push,reps,3,,bodyweight,21,,
2026-06-26,Push Ups,push,reps,1,,bodyweight,38,,
2026-06-26,Push Ups,push,reps,2,,bodyweight,36,,
2026-06-26,Push Ups,push,reps,3,,bodyweight,34,,
2026-06-26,Tricep Pushdowns,push,reps,1,80,lbs,18,,
2026-06-26,Tricep Pushdowns,push,reps,2,80,lbs,18,,
2026-06-26,Tricep Pushdowns,push,reps,3,80,lbs,17,,
2026-06-26,Sauna,other,timed,1,,,,900,General:Recovery sauna after push
__DAYSPLIT__,2026-06-27,Pull,,,,,,,
2026-06-27,Pullups,pull,reps,1,,bodyweight,5,,Mood:5|General:Fives on both top sets. And 230 on rows finally. Big day.
2026-06-27,Pullups,pull,reps,2,,bodyweight,5,,
2026-06-27,Pullups,pull,reps,3,,bodyweight,4,,
2026-06-27,Barbell Rows,pull,reps,1,230,lbs,8,,
2026-06-27,Barbell Rows,pull,reps,2,230,lbs,8,,
2026-06-27,Barbell Rows,pull,reps,3,230,lbs,7,,
2026-06-27,Lat Pulldowns,pull,reps,1,185,lbs,15,,
2026-06-27,Lat Pulldowns,pull,reps,2,185,lbs,14,,
2026-06-27,Lat Pulldowns,pull,reps,3,185,lbs,13,,
2026-06-27,Banded Pullups,pull,reps,1,,banded,26,,Red
2026-06-27,Banded Pullups,pull,reps,2,,banded,25,,
2026-06-27,Banded Pullups,pull,reps,3,,banded,23,,
2026-06-27,Face Pulls,pull,reps,1,95,lbs,18,,
2026-06-27,Face Pulls,pull,reps,2,95,lbs,17,,
2026-06-27,Face Pulls,pull,reps,3,95,lbs,17,,
2026-06-27,Dumbbell Curls,pull,reps,1,45,lbs,14,,
2026-06-27,Dumbbell Curls,pull,reps,2,45,lbs,14,,
2026-06-27,Dumbbell Curls,pull,reps,3,45,lbs,13,,
2026-06-27,Dead Hangs,pull,timed,1,,bodyweight,,95,
__DAYSPLIT__,2026-06-29,Push,,,,,,,
2026-06-29,Bench Press,push,reps,1,175,lbs,9,,Mood:4|General:Back to working weight after the PR. Reps feel easy at 175 now.
2026-06-29,Bench Press,push,reps,2,175,lbs,8,,
2026-06-29,Bench Press,push,reps,3,175,lbs,8,,
2026-06-29,Incline Dumbbell Press,push,reps,1,75,lbs,13,,
2026-06-29,Incline Dumbbell Press,push,reps,2,75,lbs,13,,
2026-06-29,Incline Dumbbell Press,push,reps,3,75,lbs,12,,
2026-06-29,Overhead Press,push,reps,1,125,lbs,6,,
2026-06-29,Overhead Press,push,reps,2,125,lbs,6,,
2026-06-29,Overhead Press,push,reps,3,125,lbs,6,,
2026-06-29,Lateral Raises,push,reps,1,40,lbs,18,,
2026-06-29,Lateral Raises,push,reps,2,40,lbs,18,,
2026-06-29,Lateral Raises,push,reps,3,40,lbs,17,,
2026-06-29,Dips,push,reps,1,,bodyweight,23,,
2026-06-29,Dips,push,reps,2,,bodyweight,22,,
2026-06-29,Dips,push,reps,3,,bodyweight,21,,
2026-06-29,Push Ups,push,reps,1,,bodyweight,38,,
2026-06-29,Push Ups,push,reps,2,,bodyweight,36,,
2026-06-29,Push Ups,push,reps,3,,bodyweight,34,,
2026-06-29,Tricep Pushdowns,push,reps,1,80,lbs,18,,
2026-06-29,Tricep Pushdowns,push,reps,2,80,lbs,18,,
2026-06-29,Tricep Pushdowns,push,reps,3,80,lbs,17,,
__DAYSPLIT__,2026-06-30,Pull,,,,,,,
2026-06-30,Pullups,pull,reps,1,,bodyweight,5,,Mood:5|General:End of June. Started the month at four pullups and a 170 bench. Finishing at five and a 185 PR. Six is the next number. So is 200.
2026-06-30,Pullups,pull,reps,2,,bodyweight,5,,
2026-06-30,Pullups,pull,reps,3,,bodyweight,4,,
2026-06-30,Barbell Rows,pull,reps,1,230,lbs,8,,
2026-06-30,Barbell Rows,pull,reps,2,230,lbs,8,,
2026-06-30,Barbell Rows,pull,reps,3,230,lbs,8,,
2026-06-30,Lat Pulldowns,pull,reps,1,185,lbs,15,,
2026-06-30,Lat Pulldowns,pull,reps,2,185,lbs,15,,
2026-06-30,Lat Pulldowns,pull,reps,3,185,lbs,14,,
2026-06-30,Banded Pullups,pull,reps,1,,banded,27,,Red
2026-06-30,Banded Pullups,pull,reps,2,,banded,25,,
2026-06-30,Banded Pullups,pull,reps,3,,banded,23,,
2026-06-30,Face Pulls,pull,reps,1,95,lbs,18,,
2026-06-30,Face Pulls,pull,reps,2,95,lbs,17,,
2026-06-30,Face Pulls,pull,reps,3,95,lbs,17,,
2026-06-30,Dumbbell Curls,pull,reps,1,45,lbs,14,,
2026-06-30,Dumbbell Curls,pull,reps,2,45,lbs,14,,
2026-06-30,Dumbbell Curls,pull,reps,3,45,lbs,13,,
2026-06-30,Dead Hangs,pull,timed,1,,bodyweight,,95,
